--
-- PostgreSQL database dump
--

\restrict Vs7QSRoRFHdJpuvfJ0QhSJJb1oFIOuBBRBrrqpuGflrRL5jumvA8EKKpo78aiEc

-- Dumped from database version 17.10 (21f7c76)
-- Dumped by pg_dump version 17.6

SET statement_timeout = 0;
SET lock_timeout = 0;
SET idle_in_transaction_session_timeout = 0;
SET transaction_timeout = 0;
SET client_encoding = 'UTF8';
SET standard_conforming_strings = on;
SELECT pg_catalog.set_config('search_path', '', false);
SET check_function_bodies = false;
SET xmloption = content;
SET client_min_messages = warning;
SET row_security = off;

SET default_tablespace = '';

SET default_table_access_method = heap;

--
-- Name: auth_group; Type: TABLE; Schema: public; Owner: neondb_owner
--

CREATE TABLE public.auth_group (
    id integer NOT NULL,
    name character varying(150) NOT NULL
);


ALTER TABLE public.auth_group OWNER TO neondb_owner;

--
-- Name: auth_group_id_seq; Type: SEQUENCE; Schema: public; Owner: neondb_owner
--

ALTER TABLE public.auth_group ALTER COLUMN id ADD GENERATED BY DEFAULT AS IDENTITY (
    SEQUENCE NAME public.auth_group_id_seq
    START WITH 1
    INCREMENT BY 1
    NO MINVALUE
    NO MAXVALUE
    CACHE 1
);


--
-- Name: auth_group_permissions; Type: TABLE; Schema: public; Owner: neondb_owner
--

CREATE TABLE public.auth_group_permissions (
    id bigint NOT NULL,
    group_id integer NOT NULL,
    permission_id integer NOT NULL
);


ALTER TABLE public.auth_group_permissions OWNER TO neondb_owner;

--
-- Name: auth_group_permissions_id_seq; Type: SEQUENCE; Schema: public; Owner: neondb_owner
--

ALTER TABLE public.auth_group_permissions ALTER COLUMN id ADD GENERATED BY DEFAULT AS IDENTITY (
    SEQUENCE NAME public.auth_group_permissions_id_seq
    START WITH 1
    INCREMENT BY 1
    NO MINVALUE
    NO MAXVALUE
    CACHE 1
);


--
-- Name: auth_permission; Type: TABLE; Schema: public; Owner: neondb_owner
--

CREATE TABLE public.auth_permission (
    id integer NOT NULL,
    name character varying(255) NOT NULL,
    content_type_id integer NOT NULL,
    codename character varying(100) NOT NULL
);


ALTER TABLE public.auth_permission OWNER TO neondb_owner;

--
-- Name: auth_permission_id_seq; Type: SEQUENCE; Schema: public; Owner: neondb_owner
--

ALTER TABLE public.auth_permission ALTER COLUMN id ADD GENERATED BY DEFAULT AS IDENTITY (
    SEQUENCE NAME public.auth_permission_id_seq
    START WITH 1
    INCREMENT BY 1
    NO MINVALUE
    NO MAXVALUE
    CACHE 1
);


--
-- Name: auth_user; Type: TABLE; Schema: public; Owner: neondb_owner
--

CREATE TABLE public.auth_user (
    id integer NOT NULL,
    password character varying(128) NOT NULL,
    last_login timestamp with time zone,
    is_superuser boolean NOT NULL,
    username character varying(150) NOT NULL,
    first_name character varying(150) NOT NULL,
    last_name character varying(150) NOT NULL,
    email character varying(254) NOT NULL,
    is_staff boolean NOT NULL,
    is_active boolean NOT NULL,
    date_joined timestamp with time zone NOT NULL
);


ALTER TABLE public.auth_user OWNER TO neondb_owner;

--
-- Name: auth_user_groups; Type: TABLE; Schema: public; Owner: neondb_owner
--

CREATE TABLE public.auth_user_groups (
    id bigint NOT NULL,
    user_id integer NOT NULL,
    group_id integer NOT NULL
);


ALTER TABLE public.auth_user_groups OWNER TO neondb_owner;

--
-- Name: auth_user_groups_id_seq; Type: SEQUENCE; Schema: public; Owner: neondb_owner
--

ALTER TABLE public.auth_user_groups ALTER COLUMN id ADD GENERATED BY DEFAULT AS IDENTITY (
    SEQUENCE NAME public.auth_user_groups_id_seq
    START WITH 1
    INCREMENT BY 1
    NO MINVALUE
    NO MAXVALUE
    CACHE 1
);


--
-- Name: auth_user_id_seq; Type: SEQUENCE; Schema: public; Owner: neondb_owner
--

ALTER TABLE public.auth_user ALTER COLUMN id ADD GENERATED BY DEFAULT AS IDENTITY (
    SEQUENCE NAME public.auth_user_id_seq
    START WITH 1
    INCREMENT BY 1
    NO MINVALUE
    NO MAXVALUE
    CACHE 1
);


--
-- Name: auth_user_user_permissions; Type: TABLE; Schema: public; Owner: neondb_owner
--

CREATE TABLE public.auth_user_user_permissions (
    id bigint NOT NULL,
    user_id integer NOT NULL,
    permission_id integer NOT NULL
);


ALTER TABLE public.auth_user_user_permissions OWNER TO neondb_owner;

--
-- Name: auth_user_user_permissions_id_seq; Type: SEQUENCE; Schema: public; Owner: neondb_owner
--

ALTER TABLE public.auth_user_user_permissions ALTER COLUMN id ADD GENERATED BY DEFAULT AS IDENTITY (
    SEQUENCE NAME public.auth_user_user_permissions_id_seq
    START WITH 1
    INCREMENT BY 1
    NO MINVALUE
    NO MAXVALUE
    CACHE 1
);


--
-- Name: django_admin_log; Type: TABLE; Schema: public; Owner: neondb_owner
--

CREATE TABLE public.django_admin_log (
    id integer NOT NULL,
    action_time timestamp with time zone NOT NULL,
    object_id text,
    object_repr character varying(200) NOT NULL,
    action_flag smallint NOT NULL,
    change_message text NOT NULL,
    content_type_id integer,
    user_id integer NOT NULL,
    CONSTRAINT django_admin_log_action_flag_check CHECK ((action_flag >= 0))
);


ALTER TABLE public.django_admin_log OWNER TO neondb_owner;

--
-- Name: django_admin_log_id_seq; Type: SEQUENCE; Schema: public; Owner: neondb_owner
--

ALTER TABLE public.django_admin_log ALTER COLUMN id ADD GENERATED BY DEFAULT AS IDENTITY (
    SEQUENCE NAME public.django_admin_log_id_seq
    START WITH 1
    INCREMENT BY 1
    NO MINVALUE
    NO MAXVALUE
    CACHE 1
);


--
-- Name: django_content_type; Type: TABLE; Schema: public; Owner: neondb_owner
--

CREATE TABLE public.django_content_type (
    id integer NOT NULL,
    app_label character varying(100) NOT NULL,
    model character varying(100) NOT NULL
);


ALTER TABLE public.django_content_type OWNER TO neondb_owner;

--
-- Name: django_content_type_id_seq; Type: SEQUENCE; Schema: public; Owner: neondb_owner
--

ALTER TABLE public.django_content_type ALTER COLUMN id ADD GENERATED BY DEFAULT AS IDENTITY (
    SEQUENCE NAME public.django_content_type_id_seq
    START WITH 1
    INCREMENT BY 1
    NO MINVALUE
    NO MAXVALUE
    CACHE 1
);


--
-- Name: django_migrations; Type: TABLE; Schema: public; Owner: neondb_owner
--

CREATE TABLE public.django_migrations (
    id bigint NOT NULL,
    app character varying(255) NOT NULL,
    name character varying(255) NOT NULL,
    applied timestamp with time zone NOT NULL
);


ALTER TABLE public.django_migrations OWNER TO neondb_owner;

--
-- Name: django_migrations_id_seq; Type: SEQUENCE; Schema: public; Owner: neondb_owner
--

ALTER TABLE public.django_migrations ALTER COLUMN id ADD GENERATED BY DEFAULT AS IDENTITY (
    SEQUENCE NAME public.django_migrations_id_seq
    START WITH 1
    INCREMENT BY 1
    NO MINVALUE
    NO MAXVALUE
    CACHE 1
);


--
-- Name: django_session; Type: TABLE; Schema: public; Owner: neondb_owner
--

CREATE TABLE public.django_session (
    session_key character varying(40) NOT NULL,
    session_data text NOT NULL,
    expire_date timestamp with time zone NOT NULL
);


ALTER TABLE public.django_session OWNER TO neondb_owner;

--
-- Name: sales_customer; Type: TABLE; Schema: public; Owner: neondb_owner
--

CREATE TABLE public.sales_customer (
    id bigint NOT NULL,
    name character varying(200) NOT NULL,
    phone character varying(20),
    email character varying(254),
    address text,
    trn_number character varying(50)
);


ALTER TABLE public.sales_customer OWNER TO neondb_owner;

--
-- Name: sales_customer_id_seq; Type: SEQUENCE; Schema: public; Owner: neondb_owner
--

ALTER TABLE public.sales_customer ALTER COLUMN id ADD GENERATED BY DEFAULT AS IDENTITY (
    SEQUENCE NAME public.sales_customer_id_seq
    START WITH 1
    INCREMENT BY 1
    NO MINVALUE
    NO MAXVALUE
    CACHE 1
);


--
-- Name: sales_invoice; Type: TABLE; Schema: public; Owner: neondb_owner
--

CREATE TABLE public.sales_invoice (
    id bigint NOT NULL,
    number character varying(50) NOT NULL,
    date date NOT NULL,
    subtotal numeric(10,2) NOT NULL,
    vat numeric(10,2) NOT NULL,
    total numeric(10,2) NOT NULL,
    customer_id bigint NOT NULL,
    quotation_id bigint,
    due_date date,
    notes text,
    paid_amount numeric(10,2) NOT NULL,
    payment_method character varying(20),
    payment_status character varying(20) NOT NULL,
    attention character varying(100),
    sales_person character varying(100),
    note text
);


ALTER TABLE public.sales_invoice OWNER TO neondb_owner;

--
-- Name: sales_invoice_id_seq; Type: SEQUENCE; Schema: public; Owner: neondb_owner
--

ALTER TABLE public.sales_invoice ALTER COLUMN id ADD GENERATED BY DEFAULT AS IDENTITY (
    SEQUENCE NAME public.sales_invoice_id_seq
    START WITH 1
    INCREMENT BY 1
    NO MINVALUE
    NO MAXVALUE
    CACHE 1
);


--
-- Name: sales_invoiceitem; Type: TABLE; Schema: public; Owner: neondb_owner
--

CREATE TABLE public.sales_invoiceitem (
    id bigint NOT NULL,
    quantity integer NOT NULL,
    price numeric(10,2) NOT NULL,
    total numeric(10,2) NOT NULL,
    invoice_id bigint NOT NULL,
    service_id bigint,
    description text NOT NULL
);


ALTER TABLE public.sales_invoiceitem OWNER TO neondb_owner;

--
-- Name: sales_invoiceitem_id_seq; Type: SEQUENCE; Schema: public; Owner: neondb_owner
--

ALTER TABLE public.sales_invoiceitem ALTER COLUMN id ADD GENERATED BY DEFAULT AS IDENTITY (
    SEQUENCE NAME public.sales_invoiceitem_id_seq
    START WITH 1
    INCREMENT BY 1
    NO MINVALUE
    NO MAXVALUE
    CACHE 1
);


--
-- Name: sales_lpo; Type: TABLE; Schema: public; Owner: neondb_owner
--

CREATE TABLE public.sales_lpo (
    id bigint NOT NULL,
    number character varying(50) NOT NULL,
    order_date date NOT NULL,
    delivery_date date,
    note text,
    subtotal numeric(10,2) NOT NULL,
    vat numeric(10,2) NOT NULL,
    total numeric(10,2) NOT NULL,
    supplier_id bigint NOT NULL,
    quote_ref character varying(50)
);


ALTER TABLE public.sales_lpo OWNER TO neondb_owner;

--
-- Name: sales_lpo_id_seq; Type: SEQUENCE; Schema: public; Owner: neondb_owner
--

ALTER TABLE public.sales_lpo ALTER COLUMN id ADD GENERATED BY DEFAULT AS IDENTITY (
    SEQUENCE NAME public.sales_lpo_id_seq
    START WITH 1
    INCREMENT BY 1
    NO MINVALUE
    NO MAXVALUE
    CACHE 1
);


--
-- Name: sales_lpoitem; Type: TABLE; Schema: public; Owner: neondb_owner
--

CREATE TABLE public.sales_lpoitem (
    id bigint NOT NULL,
    description text NOT NULL,
    quantity integer NOT NULL,
    price numeric(10,2) NOT NULL,
    total numeric(10,2) NOT NULL,
    lpo_id bigint NOT NULL,
    vat numeric(10,2) NOT NULL
);


ALTER TABLE public.sales_lpoitem OWNER TO neondb_owner;

--
-- Name: sales_lpoitem_id_seq; Type: SEQUENCE; Schema: public; Owner: neondb_owner
--

ALTER TABLE public.sales_lpoitem ALTER COLUMN id ADD GENERATED BY DEFAULT AS IDENTITY (
    SEQUENCE NAME public.sales_lpoitem_id_seq
    START WITH 1
    INCREMENT BY 1
    NO MINVALUE
    NO MAXVALUE
    CACHE 1
);


--
-- Name: sales_paymentreceipt; Type: TABLE; Schema: public; Owner: neondb_owner
--

CREATE TABLE public.sales_paymentreceipt (
    id bigint NOT NULL,
    receipt_number character varying(50) NOT NULL,
    date date NOT NULL,
    amount_paid numeric(10,2) NOT NULL,
    payment_method character varying(20) NOT NULL,
    received_by character varying(100),
    invoice_id bigint NOT NULL,
    short_description text
);


ALTER TABLE public.sales_paymentreceipt OWNER TO neondb_owner;

--
-- Name: sales_paymentreceipt_id_seq; Type: SEQUENCE; Schema: public; Owner: neondb_owner
--

ALTER TABLE public.sales_paymentreceipt ALTER COLUMN id ADD GENERATED BY DEFAULT AS IDENTITY (
    SEQUENCE NAME public.sales_paymentreceipt_id_seq
    START WITH 1
    INCREMENT BY 1
    NO MINVALUE
    NO MAXVALUE
    CACHE 1
);


--
-- Name: sales_quotation; Type: TABLE; Schema: public; Owner: neondb_owner
--

CREATE TABLE public.sales_quotation (
    id bigint NOT NULL,
    number character varying(50) NOT NULL,
    date date NOT NULL,
    subtotal numeric(10,2) NOT NULL,
    vat numeric(10,2) NOT NULL,
    total numeric(10,2) NOT NULL,
    customer_id bigint NOT NULL,
    notes text,
    status character varying(20) NOT NULL,
    attention character varying(100),
    sales_person character varying(100),
    note text
);


ALTER TABLE public.sales_quotation OWNER TO neondb_owner;

--
-- Name: sales_quotation_id_seq; Type: SEQUENCE; Schema: public; Owner: neondb_owner
--

ALTER TABLE public.sales_quotation ALTER COLUMN id ADD GENERATED BY DEFAULT AS IDENTITY (
    SEQUENCE NAME public.sales_quotation_id_seq
    START WITH 1
    INCREMENT BY 1
    NO MINVALUE
    NO MAXVALUE
    CACHE 1
);


--
-- Name: sales_quotationitem; Type: TABLE; Schema: public; Owner: neondb_owner
--

CREATE TABLE public.sales_quotationitem (
    id bigint NOT NULL,
    quantity integer NOT NULL,
    price numeric(10,2) NOT NULL,
    total numeric(10,2) NOT NULL,
    quotation_id bigint NOT NULL,
    service_id bigint,
    description text NOT NULL
);


ALTER TABLE public.sales_quotationitem OWNER TO neondb_owner;

--
-- Name: sales_quotationitem_id_seq; Type: SEQUENCE; Schema: public; Owner: neondb_owner
--

ALTER TABLE public.sales_quotationitem ALTER COLUMN id ADD GENERATED BY DEFAULT AS IDENTITY (
    SEQUENCE NAME public.sales_quotationitem_id_seq
    START WITH 1
    INCREMENT BY 1
    NO MINVALUE
    NO MAXVALUE
    CACHE 1
);


--
-- Name: sales_service; Type: TABLE; Schema: public; Owner: neondb_owner
--

CREATE TABLE public.sales_service (
    id bigint NOT NULL,
    name character varying(200) NOT NULL,
    description text,
    price numeric(10,2) NOT NULL
);


ALTER TABLE public.sales_service OWNER TO neondb_owner;

--
-- Name: sales_service_id_seq; Type: SEQUENCE; Schema: public; Owner: neondb_owner
--

ALTER TABLE public.sales_service ALTER COLUMN id ADD GENERATED BY DEFAULT AS IDENTITY (
    SEQUENCE NAME public.sales_service_id_seq
    START WITH 1
    INCREMENT BY 1
    NO MINVALUE
    NO MAXVALUE
    CACHE 1
);


--
-- Name: sales_supplier; Type: TABLE; Schema: public; Owner: neondb_owner
--

CREATE TABLE public.sales_supplier (
    id bigint NOT NULL,
    name character varying(200) NOT NULL,
    phone character varying(20),
    email character varying(254),
    address text,
    trn_number character varying(50),
    website character varying(255)
);


ALTER TABLE public.sales_supplier OWNER TO neondb_owner;

--
-- Name: sales_supplier_id_seq; Type: SEQUENCE; Schema: public; Owner: neondb_owner
--

ALTER TABLE public.sales_supplier ALTER COLUMN id ADD GENERATED BY DEFAULT AS IDENTITY (
    SEQUENCE NAME public.sales_supplier_id_seq
    START WITH 1
    INCREMENT BY 1
    NO MINVALUE
    NO MAXVALUE
    CACHE 1
);


--
-- Name: tasks_task; Type: TABLE; Schema: public; Owner: neondb_owner
--

CREATE TABLE public.tasks_task (
    id bigint NOT NULL,
    title character varying(200) NOT NULL,
    description text NOT NULL,
    deadline date,
    status character varying(20) NOT NULL,
    assigned_to_id integer NOT NULL,
    created_at timestamp with time zone NOT NULL,
    priority character varying(10) NOT NULL,
    updated_at timestamp with time zone NOT NULL,
    end_date date,
    is_active boolean NOT NULL,
    task_type character varying(20) NOT NULL,
    paid_amount numeric(10,2) NOT NULL,
    payment_amount numeric(10,2),
    payment_status character varying(20) NOT NULL
);


ALTER TABLE public.tasks_task OWNER TO neondb_owner;

--
-- Name: tasks_task_id_seq; Type: SEQUENCE; Schema: public; Owner: neondb_owner
--

ALTER TABLE public.tasks_task ALTER COLUMN id ADD GENERATED BY DEFAULT AS IDENTITY (
    SEQUENCE NAME public.tasks_task_id_seq
    START WITH 1
    INCREMENT BY 1
    NO MINVALUE
    NO MAXVALUE
    CACHE 1
);


--
-- Name: tasks_userprofile; Type: TABLE; Schema: public; Owner: neondb_owner
--

CREATE TABLE public.tasks_userprofile (
    id bigint NOT NULL,
    role character varying(20) NOT NULL,
    phone character varying(15),
    gender character varying(10),
    profile_image character varying(100),
    user_id integer NOT NULL,
    created_at timestamp with time zone NOT NULL,
    is_approved boolean NOT NULL
);


ALTER TABLE public.tasks_userprofile OWNER TO neondb_owner;

--
-- Name: tasks_userprofile_id_seq; Type: SEQUENCE; Schema: public; Owner: neondb_owner
--

ALTER TABLE public.tasks_userprofile ALTER COLUMN id ADD GENERATED BY DEFAULT AS IDENTITY (
    SEQUENCE NAME public.tasks_userprofile_id_seq
    START WITH 1
    INCREMENT BY 1
    NO MINVALUE
    NO MAXVALUE
    CACHE 1
);


--
-- Data for Name: auth_group; Type: TABLE DATA; Schema: public; Owner: neondb_owner
--

COPY public.auth_group (id, name) FROM stdin;
\.


--
-- Data for Name: auth_group_permissions; Type: TABLE DATA; Schema: public; Owner: neondb_owner
--

COPY public.auth_group_permissions (id, group_id, permission_id) FROM stdin;
\.


--
-- Data for Name: auth_permission; Type: TABLE DATA; Schema: public; Owner: neondb_owner
--

COPY public.auth_permission (id, name, content_type_id, codename) FROM stdin;
1	Can add log entry	1	add_logentry
2	Can change log entry	1	change_logentry
3	Can delete log entry	1	delete_logentry
4	Can view log entry	1	view_logentry
5	Can add permission	3	add_permission
6	Can change permission	3	change_permission
7	Can delete permission	3	delete_permission
8	Can view permission	3	view_permission
9	Can add group	2	add_group
10	Can change group	2	change_group
11	Can delete group	2	delete_group
12	Can view group	2	view_group
13	Can add user	4	add_user
14	Can change user	4	change_user
15	Can delete user	4	delete_user
16	Can view user	4	view_user
17	Can add content type	5	add_contenttype
18	Can change content type	5	change_contenttype
19	Can delete content type	5	delete_contenttype
20	Can view content type	5	view_contenttype
21	Can add session	6	add_session
22	Can change session	6	change_session
23	Can delete session	6	delete_session
24	Can view session	6	view_session
25	Can add customer	7	add_customer
26	Can change customer	7	change_customer
27	Can delete customer	7	delete_customer
28	Can view customer	7	view_customer
29	Can add service	13	add_service
30	Can change service	13	change_service
31	Can delete service	13	delete_service
32	Can view service	13	view_service
33	Can add quotation	11	add_quotation
34	Can change quotation	11	change_quotation
35	Can delete quotation	11	delete_quotation
36	Can view quotation	11	view_quotation
37	Can add invoice	8	add_invoice
38	Can change invoice	8	change_invoice
39	Can delete invoice	8	delete_invoice
40	Can view invoice	8	view_invoice
41	Can add quotation item	12	add_quotationitem
42	Can change quotation item	12	change_quotationitem
43	Can delete quotation item	12	delete_quotationitem
44	Can view quotation item	12	view_quotationitem
45	Can add invoice item	9	add_invoiceitem
46	Can change invoice item	9	change_invoiceitem
47	Can delete invoice item	9	delete_invoiceitem
48	Can view invoice item	9	view_invoiceitem
49	Can add payment receipt	10	add_paymentreceipt
50	Can change payment receipt	10	change_paymentreceipt
51	Can delete payment receipt	10	delete_paymentreceipt
52	Can view payment receipt	10	view_paymentreceipt
53	Can add lpo	14	add_lpo
54	Can change lpo	14	change_lpo
55	Can delete lpo	14	delete_lpo
56	Can view lpo	14	view_lpo
57	Can add lpo item	15	add_lpoitem
58	Can change lpo item	15	change_lpoitem
59	Can delete lpo item	15	delete_lpoitem
60	Can view lpo item	15	view_lpoitem
61	Can add supplier	16	add_supplier
62	Can change supplier	16	change_supplier
63	Can delete supplier	16	delete_supplier
64	Can view supplier	16	view_supplier
65	Can add task	17	add_task
66	Can change task	17	change_task
67	Can delete task	17	delete_task
68	Can view task	17	view_task
69	Can add user profile	18	add_userprofile
70	Can change user profile	18	change_userprofile
71	Can delete user profile	18	delete_userprofile
72	Can view user profile	18	view_userprofile
\.


--
-- Data for Name: auth_user; Type: TABLE DATA; Schema: public; Owner: neondb_owner
--

COPY public.auth_user (id, password, last_login, is_superuser, username, first_name, last_name, email, is_staff, is_active, date_joined) FROM stdin;
6	pbkdf2_sha256$1000000$H8riZRhXHc91Wr8ZtJtRRZ$k6Hh24OpsHQMJrm3mv0Ab8hHn8fDUxX5GRu91BgeDKU=	2026-06-23 14:45:19.532941+00	f	Arya			aaryaprasad.in@gmail.com	f	t	2026-06-23 10:04:00.898969+00
9	pbkdf2_sha256$1000000$0S1Nja5mOWpgGGWfEZu4tU$jTtKxp1ZmzbPVA+ZBDBta+MBwrR0ZIgdI4rJV7VQTLM=	2026-06-23 12:25:12+00	f	hameema			hameemamy@gmail.com	f	t	2026-06-23 12:16:43+00
13	pbkdf2_sha256$1000000$A1Y4CJTkbliTEh2bpGSFpY$HB+ZIh5ZFeDeyjyach2yoMhv/WCG2Bh58i4K4lmA2tA=	2026-06-23 16:03:48.21439+00	t	Binoy			info@credodesigns.ae	t	t	2026-06-23 12:53:46+00
5	pbkdf2_sha256$1000000$cMzBJzFrx4WWWz97smYDZI$8W1Zl3Ve7XcdwcNixmsAQZIKe0k4azCgWC2KxV6HZqk=	2026-06-23 10:44:14.929539+00	f	Anunandha			obanunandha@gmail.com	f	t	2026-06-23 09:58:39.930789+00
12	pbkdf2_sha256$1000000$nuaL09dJSLiMlZ1NyPlyFd$UCQunXiUX1Lnh6VIRvM5HNMFh8vdX4Tb142L5AsHUcE=	\N	f	Anagha			anaghachandran11@gmail.com	f	t	2026-06-23 12:50:25.70069+00
1	pbkdf2_sha256$1000000$Z06Zv9vv1eGvMJdvOlsc10$VqVjrX1lQUuBNeAC7YfikkC4FmSm09HKrzJ2a52hj40=	2026-06-23 16:34:05.850095+00	t	admin			admin@gmail.com	t	t	2026-03-26 16:17:14.300558+00
3	pbkdf2_sha256$1000000$u3dTp1wNBCj8c9v1IU7p4M$TNPZ8O1CdAnfuJmPF18PtLLuSJJNDNj9/DrQuw6sMCw=	2026-06-23 18:37:54.323468+00	t	Adwaitha			adwaithaarun111@gmail.com	t	t	2026-06-15 07:03:36+00
\.


--
-- Data for Name: auth_user_groups; Type: TABLE DATA; Schema: public; Owner: neondb_owner
--

COPY public.auth_user_groups (id, user_id, group_id) FROM stdin;
\.


--
-- Data for Name: auth_user_user_permissions; Type: TABLE DATA; Schema: public; Owner: neondb_owner
--

COPY public.auth_user_user_permissions (id, user_id, permission_id) FROM stdin;
\.


--
-- Data for Name: django_admin_log; Type: TABLE DATA; Schema: public; Owner: neondb_owner
--

COPY public.django_admin_log (id, action_time, object_id, object_repr, action_flag, change_message, content_type_id, user_id) FROM stdin;
1	2026-04-02 09:00:10.675473+00	2	HAMEEMA MY	3		7	1
2	2026-05-18 12:03:19.100295+00	20	CRD-RCPT-2585	3		10	1
3	2026-05-18 12:05:37.92337+00	21	CRD-RCPT-2585	3		10	1
4	2026-05-18 12:05:37.923454+00	19	CRD-RCPT-2584	3		10	1
5	2026-06-23 11:02:41.704507+00	3	Adwaitha - employee	2	[{"changed": {"fields": ["Profile image"]}}]	18	1
6	2026-06-23 11:38:36.436364+00	4	Binoy	3		4	1
7	2026-06-23 12:06:55.380452+00	3	Adwaitha - manager	2	[{"changed": {"fields": ["Role"]}}]	18	1
8	2026-06-23 12:17:39.668284+00	8	Binoy	3		4	1
9	2026-06-23 12:18:40.5054+00	7	hameema - freelancer	2	[{"changed": {"fields": ["Role"]}}]	18	1
10	2026-06-23 12:23:44.291632+00	7	hameema - manager	2	[{"changed": {"fields": ["Role"]}}]	18	1
11	2026-06-23 12:24:18.93104+00	9	hameema	2	[{"changed": {"fields": ["Staff status", "Superuser status"]}}]	4	1
12	2026-06-23 12:26:02.743667+00	9	hameema	2	[{"changed": {"fields": ["Staff status", "Superuser status"]}}]	4	9
13	2026-06-23 12:26:29.560481+00	7	hameema - freelancer	2	[{"changed": {"fields": ["Role"]}}]	18	1
14	2026-06-23 12:26:48.743854+00	3	Adwaitha	2	[{"changed": {"fields": ["Staff status", "Superuser status"]}}]	4	1
15	2026-06-23 12:45:06.283545+00	10	Binoy	3		4	3
16	2026-06-23 12:53:37.086394+00	11	Binoy	3		4	3
17	2026-06-23 12:57:18.204849+00	13	Binoy	2	[{"changed": {"fields": ["Staff status", "Superuser status"]}}]	4	3
18	2026-06-23 12:57:36.844913+00	9	Binoy - manager	2	[{"changed": {"fields": ["Role"]}}]	18	3
\.


--
-- Data for Name: django_content_type; Type: TABLE DATA; Schema: public; Owner: neondb_owner
--

COPY public.django_content_type (id, app_label, model) FROM stdin;
1	admin	logentry
2	auth	group
3	auth	permission
4	auth	user
5	contenttypes	contenttype
6	sessions	session
7	sales	customer
8	sales	invoice
9	sales	invoiceitem
10	sales	paymentreceipt
11	sales	quotation
12	sales	quotationitem
13	sales	service
14	sales	lpo
15	sales	lpoitem
16	sales	supplier
17	tasks	task
18	tasks	userprofile
\.


--
-- Data for Name: django_migrations; Type: TABLE DATA; Schema: public; Owner: neondb_owner
--

COPY public.django_migrations (id, app, name, applied) FROM stdin;
1	contenttypes	0001_initial	2026-03-26 16:05:39.773273+00
2	auth	0001_initial	2026-03-26 16:05:40.060958+00
3	admin	0001_initial	2026-03-26 16:05:40.084989+00
4	admin	0002_logentry_remove_auto_add	2026-03-26 16:05:40.09357+00
5	admin	0003_logentry_add_action_flag_choices	2026-03-26 16:05:40.104508+00
6	contenttypes	0002_remove_content_type_name	2026-03-26 16:05:40.175078+00
7	auth	0002_alter_permission_name_max_length	2026-03-26 16:05:40.187833+00
8	auth	0003_alter_user_email_max_length	2026-03-26 16:05:40.200684+00
9	auth	0004_alter_user_username_opts	2026-03-26 16:05:40.209973+00
10	auth	0005_alter_user_last_login_null	2026-03-26 16:05:40.224178+00
11	auth	0006_require_contenttypes_0002	2026-03-26 16:05:40.229042+00
12	auth	0007_alter_validators_add_error_messages	2026-03-26 16:05:40.23939+00
13	auth	0008_alter_user_username_max_length	2026-03-26 16:05:40.25519+00
14	auth	0009_alter_user_last_name_max_length	2026-03-26 16:05:40.268642+00
15	auth	0010_alter_group_name_max_length	2026-03-26 16:05:40.282495+00
16	auth	0011_update_proxy_permissions	2026-03-26 16:05:40.291505+00
17	auth	0012_alter_user_first_name_max_length	2026-03-26 16:05:40.303261+00
18	sales	0001_initial	2026-03-26 16:05:40.482694+00
19	sales	0002_invoice_due_date_invoice_notes_invoice_paid_amount_and_more	2026-03-26 16:05:40.612159+00
20	sales	0003_quotation_attention_quotation_sales_person	2026-03-26 16:05:40.636028+00
21	sales	0004_invoiceitem_description_quotationitem_description_and_more	2026-03-26 16:05:40.764374+00
22	sales	0005_paymentreceipt	2026-03-26 16:05:40.860501+00
23	sessions	0001_initial	2026-03-26 16:05:40.878661+00
24	sales	0006_invoice_attention_invoice_sales_person_and_more	2026-04-02 08:54:22.023447+00
25	sales	0007_paymentreceipt_short_description	2026-04-02 08:54:22.051919+00
26	sales	0008_customer_trn_number	2026-04-02 08:54:22.067409+00
27	sales	0009_quotation_note	2026-04-02 08:54:22.085469+00
28	sales	0010_invoice_note_lpo_lpoitem	2026-04-06 17:06:37.983888+00
29	sales	0011_supplier_alter_lpo_supplier	2026-04-06 17:06:38.116263+00
30	sales	0012_supplier_website	2026-04-06 17:06:38.138898+00
31	sales	0013_alter_supplier_website	2026-04-06 17:06:38.151789+00
32	sales	0014_lpoitem_vat	2026-04-09 12:24:57.446988+00
33	sales	0015_lpo_quote_ref	2026-04-10 12:37:24.246101+00
34	sales	0016_alter_invoice_customer_alter_lpo_supplier_and_more	2026-05-18 11:43:57.341704+00
35	tasks	0001_initial	2026-06-08 08:32:44.613314+00
36	tasks	0002_task_created_at_task_priority_task_updated_at_and_more	2026-06-08 08:32:45.342173+00
37	tasks	0003_user_gender	2026-06-08 08:32:45.622387+00
38	tasks	0004_user_is_approved	2026-06-08 08:32:45.969432+00
39	tasks	0005_alter_user_role	2026-06-08 08:32:46.115709+00
40	tasks	0006_task_end_date_task_is_active_task_task_type_and_more	2026-06-08 08:32:46.82742+00
41	tasks	0007_userprofile_delete_user	2026-06-08 08:32:47.467467+00
42	tasks	0008_alter_userprofile_gender_alter_userprofile_phone_and_more	2026-06-08 08:32:47.758785+00
43	tasks	0009_userprofile_created_at_userprofile_is_approved_and_more	2026-06-08 08:32:48.266096+00
44	tasks	0010_alter_userprofile_role	2026-06-08 08:32:48.410035+00
45	tasks	0011_task_paid_amount_task_payment_amount_and_more	2026-06-08 08:32:49.046131+00
\.


--
-- Data for Name: django_session; Type: TABLE DATA; Schema: public; Owner: neondb_owner
--

COPY public.django_session (session_key, session_data, expire_date) FROM stdin;
owh9y3whalv1lfm1leoe2g6ho1s4zw7b	.eJxVjDsOwyAQBe9CHSFYYz4p0_sMaIElOIlAMnYV5e4RkoukfTPz3szjsRd_dNr8mtiVSXb53QLGJ9UB0gPrvfHY6r6tgQ-Fn7TzpSV63U7376BgL6OGKaKesp4gamuzExIpUdA2m6RAkhBgnJJSAUIwgrKAOBNmM1trnGGfL97aN3c:1w5nQD:WlvZctLoban6fBHT1NH_QMg8NpqgcLwpPNR5VkVGzv4	2026-04-09 16:19:01.647454+00
jwnafb03z7d1mpas2u9cotfwki2zrgop	.eJxVjEEOwiAQRe_C2hCgCNSle89AhhlGqgaS0q6Md7dNutDtf-_9t4iwLiWuPc9xInERWpx-twT4zHUH9IB6bxJbXeYpyV2RB-3y1ii_rof7d1Cgl61WrJQLDpI2wE4hgveD4VE7GxiZlRks2zyMZAkMBuX82Rurg9bEWyU-X9moN5E:1w8DrJ:gSMfsbk1jvYXkWKRyOkmNxsPoSm2n5Lr21icPaviMzw	2026-04-16 08:57:01.675861+00
qwdjea9l50bqfwjf6y9isps6s2eldqhb	.eJxVjEEOwiAQRe_C2hCgCNSle89AhhlGqgaS0q6Md7dNutDtf-_9t4iwLiWuPc9xInERWpx-twT4zHUH9IB6bxJbXeYpyV2RB-3y1ii_rof7d1Cgl61WrJQLDpI2wE4hgveD4VE7GxiZlRks2zyMZAkMBuX82Rurg9bEWyU-X9moN5E:1w9kFM:HPv1W520llA_iQoFjJz1RXJjpw1jeObHXVbjEmsQr6Y	2026-04-20 13:44:08.521283+00
wbqp50jnvdcnq169waw0gxfikjlu3sya	.eJxVjEEOwiAQRe_C2hCgCNSle89AhhlGqgaS0q6Md7dNutDtf-_9t4iwLiWuPc9xInERWpx-twT4zHUH9IB6bxJbXeYpyV2RB-3y1ii_rof7d1Cgl61WrJQLDpI2wE4hgveD4VE7GxiZlRks2zyMZAkMBuX82Rurg9bEWyU-X9moN5E:1wY2GE:A_oBZYKt3TEc83_GtBUmO26tzSI-1Irta_LC6DGuO58	2026-06-26 13:49:26.880121+00
mdxubk7wnvcdl71bompo1uf6dz7ghh9d	.eJxVjEEOwiAQRe_C2hCgCNSle89AhhlGqgaS0q6Md7dNutDtf-_9t4iwLiWuPc9xInERWpx-twT4zHUH9IB6bxJbXeYpyV2RB-3y1ii_rof7d1Cgl61WrJQLDpI2wE4hgveD4VE7GxiZlRks2zyMZAkMBuX82Rurg9bEWyU-X9moN5E:1wOweK:DDiRDss5Piq-kgcWjs4xW1rr_QUrKQZoiCZv0JbZ2yk	2026-06-01 12:00:44.881833+00
f2n46x47zvf36p0vkahpfr8hzhdb9ay0	.eJxVjEEOwiAQRe_C2hCgCNSle89AhhlGqgaS0q6Md7dNutDtf-_9t4iwLiWuPc9xInERWpx-twT4zHUH9IB6bxJbXeYpyV2RB-3y1ii_rof7d1Cgl61WrJQLDpI2wE4hgveD4VE7GxiZlRks2zyMZAkMBuX82Rurg9bEWyU-X9moN5E:1wWVRT:37Kr6HWByGebCsevHIcEi3piGRmTVs9o9flE_NcuT8w	2026-06-22 08:34:43.458442+00
thq0y32fxux3jygob6vfxxwu7clq8hdr	.eJxVjEEOwiAQRe_C2hCgCNSle89AhhlGqgaS0q6Md7dNutDtf-_9t4iwLiWuPc9xInERWpx-twT4zHUH9IB6bxJbXeYpyV2RB-3y1ii_rof7d1Cgl61WrJQLDpI2wE4hgveD4VE7GxiZlRks2zyMZAkMBuX82Rurg9bEWyU-X9moN5E:1wY5Xa:cYTmbbuN7M5ZZUzeKR11-vvjDXnD55Ll4pEyTLM2pL4	2026-06-26 17:19:34.356488+00
fnszgsjhny5ztgp3aqyttmai6e738wlg	.eJxVjEEOwiAQRe_C2hCgCNSle89AhhlGqgaS0q6Md7dNutDtf-_9t4iwLiWuPc9xInERWpx-twT4zHUH9IB6bxJbXeYpyV2RB-3y1ii_rof7d1Cgl61WrJQLDpI2wE4hgveD4VE7GxiZlRks2zyMZAkMBuX82Rurg9bEWyU-X9moN5E:1wWVVq:ZSp7-_tkUBz3hid36sMPedDvkNL31NDKVKmsnbd62cY	2026-06-22 08:39:14.159876+00
yt5npeokcyoqk54mb7po8k18orx2qcpx	.eJxVjDkOwjAUBe_iGlneF0r6nMH6i8EBlEhxUiHuDpFSQPtm5r1EgW1tZet1KSOLswji9Lsh0KNOO-A7TLdZ0jyty4hyV-RBuxxmrs_L4f4dNOjtW-tgFJK6otfRaTbBB4qRmFEbTtkpBUlrzBCzspBqtWgdhew5U4rJivcHz2A3RQ:1wby3F:T88EldiFLa4gYQuf5tvjvlTzOWTltlYkB9ZG3ls2yEg	2026-06-30 10:08:17.561181+00
yx5q9u6zz9es0jwy0eiir837qie44815	.eJxVjEEOwiAQRe_C2hCgCNSle89AhhlGqgaS0q6Md7dNutDtf-_9t4iwLiWuPc9xInERWpx-twT4zHUH9IB6bxJbXeYpyV2RB-3y1ii_rof7d1Cgl61WrJQLDpI2wE4hgveD4VE7GxiZlRks2zyMZAkMBuX82Rurg9bEWyU-X9moN5E:1wYGie:yrATUu8gN7ItEaItO708CYCJNM-D1Z1W0r6jayJ3YSQ	2026-06-27 05:15:44.722275+00
j7qk8vljr9opbh3xv3xfwiwzgrqhls1e	.eJxVjEEOwiAURO_C2hCgUD4u3fcM5PMBqRpISrsy3t026UKXM-_NvJnHbS1-62nxc2RXZtjltwtIz1QPEB9Y741Tq-syB34o_KSdTy2m1-10_w4K9rKvgxwSqWg1kHFBDWoPZrQwZK2jAAJlgawSiNlpnZMUY3ASwMUgnU7IPl_WkDeE:1wbyc3:WygJGfqq_5wiE125p_KzBIKeEphmCeEwV9BbxTbs57I	2026-06-30 10:44:15.09775+00
xedub6n9em4juc8gggpsvxva75engvb7	.eJxVjEEOwiAQRe_C2hCgCNSle89AhhlGqgaS0q6Md7dNutDtf-_9t4iwLiWuPc9xInERWpx-twT4zHUH9IB6bxJbXeYpyV2RB-3y1ii_rof7d1Cgl61WrJQLDpI2wE4hgveD4VE7GxiZlRks2zyMZAkMBuX82Rurg9bEWyU-X9moN5E:1wc2OI:3xZ_m2p19cVBJAv4wlszwb2yGueNkjBL6_JaRyW7zMk	2026-06-30 14:46:18.522228+00
qhdbt9lp8uns18uppjztja7lvsjbekeh	.eJxVjMsOwiAQRf-FtSEMDwGX7vsNBJhBqgaS0q6M_65NutDtPefcFwtxW2vYBi1hRnZhoNjpd0wxP6jtBO-x3TrPva3LnPiu8IMOPnWk5_Vw_w5qHPVbk0ML2igQJEws0oszkEk2ae2lKo6KxuyVICuLcAYkeKXQGsCcvCnE3h_qszd7:1wc3bI:ukTgO9aZKJrq-DZvaY67vKBLillVcZqxlLn205K7kRc	2026-06-30 16:03:48.277775+00
o9815maxwzxzb6fnfcd865njot2j08z0	.eJxVjEEOwiAQRe_C2hCgCNSle89AhhlGqgaS0q6Md7dNutDtf-_9t4iwLiWuPc9xInERWpx-twT4zHUH9IB6bxJbXeYpyV2RB-3y1ii_rof7d1Cgl61WrJQLDpI2wE4hgveD4VE7GxiZlRks2zyMZAkMBuX82Rurg9bEWyU-X9moN5E:1wc44b:SG69112bP_OQd28NAK0aaPYf1vAqblAf9J8RGvXj6b8	2026-06-30 16:34:05.916762+00
idgrn3261g6krng5kfed4wvcek9n3r2e	.eJxVjDkOwjAUBe_iGllek5iSPmew_mLjAHKkOKkQd0eWUkD7Zua9RYRjL_FoaYsLi6uw4vK7IdAz1Q74AfW-Slrrvi0ouyJP2uS8cnrdTvfvoEArvbZOuTDYjN4M4DkhT94BgM8GGCjTGLTx42S9ypgQjAlEOimrrSJG8fkC-eU4pQ:1wc60Q:SLfpXlBsFb1O0pnwL-3ccNvbRTPpwfyKGwxO04WkAoc	2026-06-30 18:37:54.387933+00
r6wl1j2kect8esimmn2sqtq4ahcosqq5	.eJxVjEEOwiAQRe_C2hCgCNSle89AhhlGqgaS0q6Md7dNutDtf-_9t4iwLiWuPc9xInERWpx-twT4zHUH9IB6bxJbXeYpyV2RB-3y1ii_rof7d1Cgl61WrJQLDpI2wE4hgveD4VE7GxiZlRks2zyMZAkMBuX82Rurg9bEWyU-X9moN5E:1wXCnP:mnbdE11K2MYk9cKkBbdX6dczePdAEQteibeSsw3_T3g	2026-06-24 06:52:15.125462+00
\.


--
-- Data for Name: sales_customer; Type: TABLE DATA; Schema: public; Owner: neondb_owner
--

COPY public.sales_customer (id, name, phone, email, address, trn_number) FROM stdin;
3	Niha interiors				
4	Unicorn Electro mechanical LLC 				10047128200003
5	Galaxy parties and events 				104517649000003
6	 Ethihad international Hospitality				100072697400003
7	Educare international				
8	Asthetic centre				
9	Easy swim Academy 				105079885700003
14	JULIE & ROMEO PARTIES ORGANISERS L.L.C				 105178280100003
15	SELA cafe				100586287300003
16	Maestro Academy for Music and Arts  				
17	SMART OIL FIELD TECHNICAL CONTRACTING - L.L.C - S.P.C				105195382400003
18	HAIL WA GHWA ROASTERY				
20	Zerah Packing				100491709000003
21	Famous cakes				
22	Floristeria				
24	ABC nursery				
25	Dalma Mall				
26	Teuscher Chocolates - Sole Proprietorship LLC 				 100001503000003
27	Al Sary Honey & Herbs 				
31	Eazy Swim Academy				105079885700003
32	Little Garden Nursery 				
33	Sunshine 				
34	Gulf Chinese Medical center 				
30	Uniglobe General Trading LLC – Branch of Abu Dhabi				100021339500003
35	Star Sports				
36	Emirates Sports Centre				
37	CLEVER WORK GENERAL MAINTENANCE LLC				104036772200003
38	32 Smiles Dental Clinic				
40	Pioneer Engineering Consultancy LLC				
41	Velvet veil Beauty Salon 				
42	THE CLUB				100334838800003
43	Thomas Dental Centre - L.L.C 		dr.t.t.thomas@gmail.com		100330894500003
\.


--
-- Data for Name: sales_invoice; Type: TABLE DATA; Schema: public; Owner: neondb_owner
--

COPY public.sales_invoice (id, number, date, subtotal, vat, total, customer_id, quotation_id, due_date, notes, paid_amount, payment_method, payment_status, attention, sales_person, note) FROM stdin;
8	INVCRD2570	2026-04-03	711.00	35.55	746.55	5	\N	\N	None	746.55	\N	paid	Mr. Sanoop	Adwaitha	\N
26	INVCRD2585	2026-05-18	10000.00	500.00	10500.00	6	\N	\N	\N	0.00	\N	pending	Mr. Steve Rojin	Adwaitha	
10	INVCRD2572	2026-04-21	1482.00	74.10	1556.10	5	\N	\N		1556.10	\N	paid	Mr. Sanoop	Adwaitha	
4	INVCRD2567	2026-04-02	1250.00	62.50	1312.50	3	\N	\N	None	1312.50	\N	paid	Mr. Manu	Adwaitha	\N
31	INVCRD2590	2026-06-05	1750.00	87.50	1837.50	30	\N	\N	\N	1837.50	\N	paid	Mr. Sajith	Adwaitha 	
5	INVCRD2568	2026-04-02	350.00	17.50	367.50	5	\N	\N	None	367.50	\N	paid	Mr. Nithin	Adwaitha	\N
6	INVCRD2569	2026-04-02	300.00	15.00	315.00	5	\N	\N	None	315.00	\N	paid	Mr. Sanoop	Adwaitha	\N
20	INVCRD2579	2026-05-02	350.00	17.50	367.50	6	\N	\N		0.00	\N	pending	Mr. Niyas 	Adwaitha 	
24	INVCRD2583	2026-05-06	650.00	32.50	682.50	5	\N	\N	\N	682.50	\N	paid	Mr. Sanoop	Adwaitha 	
21	INVCRD2580	2026-05-02	325.00	16.25	341.25	5	\N	\N	\N	341.25	\N	paid	Mr. Snoop 	Adwaitha 	
17	INVCRD2576	2026-04-27	300.00	15.00	315.00	20	\N	\N		315.00	\N	paid	Manager	Adwaitha	
13	INVCRD2573	2026-04-22	2191.00	109.55	2300.55	15	\N	\N	\N	2300.55	\N	paid	Ms. Rochelle	Adwaitha	
33	INVCRD2592	2026-06-18	1750.00	87.50	1837.50	30	\N	\N	\N	1837.50	\N	paid	Mr. Sajith	Adwaitha 	
14	INVCRD2574	2026-04-24	300.00	15.00	315.00	6	\N	\N		315.00	\N	paid	Mr. Preveen	Adwaitha	
16	INVCRD2575	2026-04-27	1142.86	57.14	1200.00	16	\N	\N	\N	1200.00	\N	paid	Manager 	Adwaitha 	
23	INVCRD2582	2026-05-05	200.00	10.00	210.00	21	\N	\N		210.00	\N	paid	Manager	Adwaitha 	
28	INVCRD2587	2026-05-23	104.76	5.24	110.00	27	\N	\N	\N	110.00	\N	paid	Shop owner 	Adwaitha 	
22	INVCRD2581	2026-05-05	100.00	5.00	105.00	22	\N	\N		105.00	\N	paid	Manager	Adwaitha 	
18	INVCRD2577	2026-04-29	100.00	5.00	105.00	18	\N	\N		105.00	\N	paid	Manager	Adwaitha	
35	INVCRD2594	2026-06-22	476.19	23.81	500.00	37	\N	\N	\N	500.00	\N	paid	Manager	Adwaitha	
34	INVCRD2593	2026-06-19	200.00	10.00	210.00	9	\N	\N	\N	210.00	\N	paid	Mr. Zoran	Adwaitha	
9	INVCRD2571	2026-04-13	8100.00	405.00	8505.00	14	\N	\N		8505.00	\N	paid	Ms. Julie		
27	INVCRD2586	2026-05-19	1200.00	60.00	1260.00	24	\N	\N	\N	1260.00	\N	paid	Manager	Adwaitha 	
25	INVCRD2584	2026-05-07	400.00	20.00	420.00	26	\N	\N		0.00	\N	pending	Mr. Dennis	Adwaitha 	
19	INVCRD2578	2026-05-02	350.00	17.50	367.50	6	\N	\N		0.00	\N	pending	Mr. Niyas	Adwaitha 	
30	INVCRD2589	2026-05-26	280.00	14.00	294.00	24	\N	\N	\N	0.00	\N	pending	Manager	Adwaitha	
29	INVCRD2588	2026-05-24	350.00	17.50	367.50	31	\N	\N	\N	367.50	\N	paid	Mr. Zoran	Adwaitha 	
32	INVCRD2591	2026-06-17	150.00	7.50	157.50	41	\N	\N	\N	157.50	\N	paid	Manager 	Adwaitha	
\.


--
-- Data for Name: sales_invoiceitem; Type: TABLE DATA; Schema: public; Owner: neondb_owner
--

COPY public.sales_invoiceitem (id, quantity, price, total, invoice_id, service_id, description) FROM stdin;
19	1	350.00	350.00	5	\N	Supply printing and delivery of Stickers\r\n and Stencil cutting sheet for Alpine chocolate\r\n\r\n\r\n\r\n\r\n
20	3	100.00	300.00	6	\N	Supply of Safety Signage for Khalifa park\r\n as per the design and size.\r\n Size = 80 cm x 100 cm = 1 nos\r\n 20 cm x 35 cm = 2 nos\r\n
34	1	2191.00	2191.00	13	\N	Supply and installation of Acrylic\r\nSignage for SELA cafe Size : 120 cm\r\nlength 
37	10	30.00	300.00	14	\N	Supply printing and delivery of NCR\r\nbooks.\r\n
38	1	1142.86	1142.86	16	\N	 Installation of existing Signage, each\r\nletters. 
42	1	100.00	100.00	18	\N	 Supply of Normal business card =\r\n1000 nos. \r\n
43	1	4800.00	4800.00	9	\N	Printing and Installation of Banner\r\n Size : 22 meter x 5 meter\r\n
44	1	3300.00	3300.00	9	\N	Variations cost for Purchase and printing\r\n of Banner without installation and\r\n delivery charges\r\n
45	1	260.00	260.00	8	\N	Supply printing , Delivery and\r\ninstallation of Frosted stickers Size 28\r\ncm x 31 cm \r\n\r\n
46	14	19.00	266.00	8	\N	Menu card = 14 x 19 AED\r\n\r\n
47	10	10.00	100.00	8	\N	Alpine stickers -10nos x 10 AED\r\n\r\n
48	1	85.00	85.00	8	\N	Ice cream sticker -1nos X 85 AED\r\n\r\n
50	78	19.00	1482.00	10	\N	Removal of existing print and pasting\r\n of new printing on existing Acrylic Menu card\r\n\r\n\r\n
51	1	850.00	850.00	4	\N	Purchase Of Domain , Shared Web hosting,\r\n email address for Niha interiors.\r\n\r\n Domain Name : www.nihainteriors.ae\r\n Email address:\r\n info@nihainteriors.ae\r\n Project@nihainteriors.ae\r\n
52	1	150.00	150.00	4	\N	Designing of Logo \r\n
53	1	250.00	250.00	4	\N	Designing of Company Profile ( 16 pages )\r\n
56	1	350.00	350.00	20	\N	 Supply and delivery of Caution\r\nSignage for kids play ground made with\r\naluminium background and finished with\r\nreflective sticker.\r\n
58	1	300.00	300.00	17	\N	Design of Social media posters (12 posters )\r\n
63	1000	0.20	200.00	23	\N	Supply and delivery of sticker. \r\n
64	1	100.00	100.00	22	\N	 Supply of Paper buisness card Qty : 1000 nos\r\n
66	2	200.00	400.00	25	\N	 Design, supply, printing and delivery\r\nof Roll up banner\r\nSize : 200 cm x 85 cm\r\n\r\n
67	1	350.00	350.00	19	\N	 Supply and delivery of Caution\r\nSignage for kids play ground made with\r\naluminium background and finished with\r\nreflective sticker.\r\n
71	8	1250.00	10000.00	26	\N	Supply and installation of Way finding\r\nsignage\r\nmade with 15 mm Paint finished wooden\r\nbase\r\nand Laser engraved graphics letters on\r\nAcrylic\r\nholder as per the approved design and\r\nsample.
74	2	325.00	650.00	24	\N	Supply of KT Stand with foam board poster A1 Size, Weight: 2Kg box dimension : 112x26cm\r\n\r\n\r\n
75	1	325.00	325.00	21	\N	Supply of KT Stand with foam board\r\nposter A1 Size, Weight: 2Kg box\r\ndimention : 112x26cm\r\n\r\n
78	1	104.76	104.76	28	\N	 Supply printing and delivery of\r\nstandard business card as per the\r\ndesign\r\nQty = 1000 nos
79	10	35.00	350.00	29	\N	Printing of Cloths\r\nT shirt= 6 nos\r\nTrousers= 4 nos
80	1	1200.00	1200.00	27	\N	Design and development of a website\r\nfor ABC Nursery, including domain\r\npurchase as mentioned below.\r\n\r\n\r\n\r\n
81	1	280.00	280.00	30	\N	Google Workspace subscription is\r\nbilled directly by Google.\r\nOne-time setup: Email, domain & DNS\r\nconfiguration, integrations, and testing.\r\nCharge. 
86	1	150.00	150.00	32	\N	Supply printing and delivery of A5 f layer Qty = 500 nos. \r\n
88	1	1750.00	1750.00	31	\N	Supply and installation of 3D signage\r\nfor Uni globe made Aluminium channel\r\nletters with day and night acrylic front\r\nlight \r\nSize : 480 cm x 100 cm \r\n\r\n\r\n
91	1	1750.00	1750.00	33	\N	Supply and installation of 3D signage for Uni globe made Aluminium channel letters with day and night acrylic front light Size : 480 cm x 100 cm\r\n\r\n
92	1	200.00	200.00	34	\N	 Supply Printing and installation of Poster.
93	1	476.19	476.19	35	\N	 Design , printing and delivery of Company Brochure on 350 gsm Art paper with Mat lamination finish 4 pages Qty : 500 nos
\.


--
-- Data for Name: sales_lpo; Type: TABLE DATA; Schema: public; Owner: neondb_owner
--

COPY public.sales_lpo (id, number, order_date, delivery_date, note, subtotal, vat, total, supplier_id, quote_ref) FROM stdin;
2	LPO-CRD1001	2026-04-21	2026-04-23		134.00	6.70	140.70	2	
3	LPO-CRD1002	2026-04-23	\N		500.00	25.00	525.00	3	
4	LPO-CRD1003	2026-04-23	2026-04-27		761.90	38.10	800.00	4	
5	LPO-CRD1004	2026-04-28	\N		7200.00	360.00	7560.00	3	QT3011
6	LPO-CRD1005	2026-04-30	2026-04-23		129.00	6.45	135.45	5	
7	LPO-CRD1006	2026-04-30	\N		200.00	10.00	210.00	6	1541
8	LPO-CRD1007	2026-05-04	\N		470.00	23.50	493.50	6	1554
9	LPO-CRD1008	2026-05-05	\N		106.00	5.30	111.30	7	
10	LPO-CRD1009	2026-05-05	\N		106.00	5.30	111.30	7	
11	LPO-CRD1010	2026-05-05	\N		33.00	1.65	34.65	7	
12	LPO-CRD1011	2026-05-10	\N		198.00	9.90	207.90	8	
13	LPO-CRD1012	2026-06-01	2026-05-19		118.92	5.95	124.87	9	70553718
14	LPO-CRD1013	2026-06-02	2026-05-06		220.00	11.00	231.00	6	1551
15	LPO-CRD1014	2026-06-02	2026-05-23		119.12	5.96	125.08	10	21563/trdg
16	LPO-CRD1015	2026-06-02	2026-05-19		33.00	1.65	34.65	7	100861014
17	LPO-CRD1016	2026-06-05	\N		3000.00	150.00	3150.00	3	
18	LPO-CRD1017	2026-06-09	\N		675.00	33.75	708.75	3	
19	LPO-CRD1018	2026-06-17	\N		150.00	7.50	157.50	3	
20	LPO-CRD1019	2026-06-19	\N		152.00	7.60	159.60	11	922
\.


--
-- Data for Name: sales_lpoitem; Type: TABLE DATA; Schema: public; Owner: neondb_owner
--

COPY public.sales_lpoitem (id, description, quantity, price, total, lpo_id, vat) FROM stdin;
5	A4 size books print	10	13.40	140.70	2	6.70
7	Supply and delivery of Caution Signage for kids play ground made with aluminium background and finished with reflective sticker.	2	250.00	525.00	3	25.00
9	Installation of existing Signage, each letters.	1	761.90	800.00	4	38.10
10	WOODEN SIGN\r\nManufacturing and installation 15 mm painted wooden on\r\nlaser engraved golden graphics background with 3 mm\r\nlaser cut finish acrylic holder and laser engraved signage\r\nasper approved designs	8	900.00	7560.00	5	360.00
11	Service : Zoho Books\r\nPlan : Professional\r\nPayment Duration : Monthly\r\nOrg Name : Credo International Digital\r\nDesigns - L.L.C - S.P.C\r\nStart 23 April 2026 End 22 May 2026	1	129.00	135.45	6	6.45
12	KT Stand  With Foam Board Poster A1 Size \r\nweight : 2kg box\r\ndimention : 112x26cm	1	200.00	210.00	7	10.00
13	KT Stand  With Foam Board Poster A1 Size\r\n\r\neight : 2kg box dimention : 112x26cm	2	200.00	420.00	8	20.00
14	TRANSPORTATION CHARGES	1	70.00	73.50	8	3.50
15	Stickers Famous Cakes Size (9*	2	53.00	111.30	9	5.30
16	Stickers Famous Cakes Size (9*9) 5.7*9.2cm	2	53.00	111.30	10	5.30
18	Stickers Floresteria Size: (9.2*5.7)	1	33.00	34.65	11	1.65
19	ROLLUP 85*200 J HOOK WITH CLICKBAR S/BAG Rollup Banner 85X200	2	99.00	207.90	12	9.90
20	Domain Registration - abc-nursery.ae - 1 Year/s (19/05/2026 - 18/05/2027) + DNS Management	1	118.92	124.87	13	5.95
21	Normal Roll Up Stand with Print Size: 85x200cm	2	90.00	189.00	14	9.00
22	TRANSPORTATION CHARGES	1	40.00	42.00	14	2.00
23	Printing One T Shirts and Shots	4	29.78	125.08	15	5.96
24	 Printing of standard business card 	1	33.00	34.65	16	1.65
25	Supply and installation of 3D signage\r\nfor Uni globe made Aluminium channel\r\nletters with day and night acrylic front\r\nlight \r\nSize : 480 cm x 100 cm 	1	3000.00	3150.00	17	150.00
26	Supply of Acrylic Name board for  way finding signage.	15	45.00	708.75	18	33.75
27	Printing and installation of Poster.	1	150.00	157.50	19	7.50
28	TSHIRTS (FABRIC - BOX KNIT)	4	38.00	159.60	20	7.60
\.


--
-- Data for Name: sales_paymentreceipt; Type: TABLE DATA; Schema: public; Owner: neondb_owner
--

COPY public.sales_paymentreceipt (id, receipt_number, date, amount_paid, payment_method, received_by, invoice_id, short_description) FROM stdin;
1	CRD-RCPT-2567	2026-04-19	367.50	Bank Transfer	Adwaitha	5	
2	CRD-RCPT-2568	2026-04-19	367.50	Bank Transfer	Adwaitha	5	
3	CRD-RCPT-2569	2026-04-19	315.00	Bank Transfer	Adwaitha	6	
4	CRD-RCPT-2570	2026-04-19	746.55	Bank Transfer	Adwaitha	8	
6	CRD-RCPT-2571	2026-04-22	2300.55	Bank Transfer	Adwaitha	13	
7	CRD-RCPT-2572	2026-04-24	315.00	Bank Transfer	Adwaitha	14	
8	CRD-RCPT-2573	2026-04-27	1200.00	Bank Transfer	Adwaitha 	16	
9	CRD-RCPT-2574	2026-04-28	1556.10	Bank Transfer	Adwaitha 	10	
10	CRD-RCPT-2575	2026-04-29	105.00	Bank Transfer	Adwaitha	18	
12	CRD-RCPT-2577	2026-04-29	8505.00	Bank Transfer	Adwaitha	9	
13	CRD-RCPT-2578	2026-04-29	1312.50	Bank Transfer	Adwaitha	4	
14	CRD-RCPT-2579	2026-04-29	1312.50	Bank Transfer	Adwaitha	4	Purchase of domain and shared web hosting with official email setup for Niha Interiors (www.nihainteriors.ae). Includes logo design and a 16-page company profile design.
15	CRD-RCPT-2580	2026-05-04	315.00	Bank Transfer	Adwaitha	17	
16	CRD-RCPT-2581	2026-05-05	210.00	Bank Transfer	Adwaitha	23	
17	CRD-RCPT-2582	2026-05-10	105.00	Bank Transfer	Adwaitha	22	
18	CRD-RCPT-2583	2026-05-18	341.25	Bank Transfer	Adwaitha	21	
22	CRD-RCPT-2584	2026-05-19	682.50	Bank Transfer	Adwaitha	24	
33	CRD-RCPT-2586	2026-05-23	110.00	Bank Transfer	Adwaitha 	28	
34	CRD-RCPT-2587	2026-05-26	1260.00	Bank Transfer	Adwaitha	27	
35	CRD-RCPT-2588	2026-06-05	367.50	Bank Transfer	Adwaitha	29	
37	CRD-RCPT-2590	2026-06-17	157.50	Bank Transfer	Adwaitha	32	
39	CRD-RCPT-2591	2026-06-22	500.00	Bank Transfer	Adwaitha	35	
40	CRD-RCPT-2592	2026-06-23	210.00	Bank Transfer	Adwaitha 	34	
\.


--
-- Data for Name: sales_quotation; Type: TABLE DATA; Schema: public; Owner: neondb_owner
--

COPY public.sales_quotation (id, number, date, subtotal, vat, total, customer_id, notes, status, attention, sales_person, note) FROM stdin;
2	CRD2573	2026-04-03	711.00	35.55	746.55	5	\N	draft	Mr. Sanoop	Adwaitha	
3	CRD2574	2026-04-03	10000.00	500.00	10500.00	6	\N	draft	Mr. Steve Rojin	Adwaitha	
4	CRD2575	2026-04-06	310.00	15.50	325.50	7	\N	draft	Mr. Benson		
5	CRD2576	2026-04-06	1300.00	65.00	1365.00	8	\N	draft	Mr. Ashwin	Adwaitha	Hosting and domain purchasing charges are additional
6	CRD2577	2026-04-06	1200.00	60.00	1260.00	8	\N	draft	Mr. Ashwin	Adwaitha	1. Social media Campaigns charges are additional.\r\n2. Video production are not included in this Quote.\r\n3. Service Payment transaction is on monthly basis.
29	CRD2594	2026-05-06	400.00	20.00	420.00	26	\N	draft	Mr. Dennis	Adwaitha 	
30	CRD2595	2026-05-16	104.76	5.24	110.00	27	\N	draft	Shop owner 	Adwaitha 	
26	CRD2591	2026-05-01	1200.00	60.00	1260.00	24	\N	draft	Manager	Adwaitha	Domain charges are to be renewed annually, approximately AED 150–200 per year.
35	CRD2597	2026-05-22	350.00	17.50	367.50	31	\N	draft	Mr. Zoran	Adwaitha 	
22	CRD2588	2026-04-30	200.00	10.00	210.00	21		draft	Manager	Adwaitha 	
11	CRD2578	2026-04-08	1500.00	75.00	1575.00	3	\N	draft	Mr. Manu	Adwaitha	
44	CRD2606	2026-06-08	1000.00	50.00	1050.00	36	\N	draft	Manager	Adwaitha 	Domain charges are to be renewed annually, approximately AED 150 - 200 per year. 
45	CRD2607	2026-06-09	900.00	45.00	945.00	6	\N	draft	Mr. Niyas	Adwaitha	
39	CRD2601	2026-06-01	8000.00	400.00	8400.00	33	\N	draft	Ms.Mirna	Adwaitha 	Warranty: 1 year 
13	CRD2579	2026-04-10	1200.00	60.00	1260.00	9	\N	draft	Mr. Zoran	Binoy	Optional – Poster Quantity:\r\n10 Nos: AED 300\r\n20 Nos: AED 600\r\nVideos are not included.\r\nCampaign charges are additional, based on the client’s plan.
27	CRD2592	2026-05-03	5575.00	278.75	5853.75	25	hello	draft	Mr. Sobhi Alswerki	Adwaitha 	
14	CRD2580	2026-04-15	2191.00	109.55	2300.55	15		draft	Ms. Rochelle	Adwaitha	
15	CRD2581	2026-04-21	150.00	7.50	157.50	7	\N	draft	Mr. Benson	Adwaitha	
16	CRD2582	2026-04-21	300.00	15.00	315.00	6	\N	draft	Mr. Preveen	Adwaitha	
17	CRD2583	2026-04-23	1142.86	57.14	1200.00	16	\N	draft	Manager	Adwaitha	
23	CRD2589	2026-04-30	325.00	16.25	341.25	5		draft	Mr. Sanoop	Adwaitha 	
41	CRD2603	2026-06-02	2150.00	107.50	2257.50	25	\N	draft	Mr. Sobhi Alswerki	Adwaitha	
20	CRD2586	2026-04-24	100.00	5.00	105.00	18	\N	draft	Manager	Adwaitha 	
19	CRD2585	2026-04-24	500.00	25.00	525.00	17		draft	Ms. Sushmitha	Adwaitha 	
51	CRD2613	2026-06-13	150.00	7.50	157.50	41	\N	draft	Manager 	Adwaitha 	
21	CRD2587	2026-04-27	300.00	15.00	315.00	20		draft	Manager	Adwaitha	
34	CRD2596	2026-05-18	3500.00	175.00	3675.00	30	\N	draft	Mr. Sajith	Adwaitha 	Payment terms \r\n50% advance \r\n50% balance delivery
25	CRD2590	2026-04-30	100.00	5.00	105.00	22		draft	Manager	Adwaitha 	
36	CRD2598	2026-05-25	280.00	14.00	294.00	24	\N	draft	Manager	Adwaitha 	
37	CRD2599	2026-06-01	1300.00	65.00	1365.00	32	\N	draft	 Ms. Marwa	Adwaitha 	Domain charges are to be renewed annually, approximately AED 150 - 200 per year.
42	CRD2604	2026-06-05	60.00	3.00	63.00	34	\N	draft	Ms. Magie	Adwaitha 	
18	CRD2584	2026-04-23	700.00	35.00	735.00	6		draft	Mr. Niyas	Adwaitha	
28	CRD2593	2026-05-04	650.00	32.50	682.50	5		draft	Mr. Sanoop	Adwaitha 	
40	CRD2602	2026-06-01	600.00	30.00	630.00	24	\N	draft	Manager	Adwaitha 	
43	CRD2605	2026-06-08	1400.00	70.00	1470.00	35	\N	draft	Ms. Dhina	Adwaitha 	Domain charges are to be renewed annually, approximately AED 150 - 200 per year. 
38	CRD2600	2026-06-01	1300.00	65.00	1365.00	33	\N	draft	Ms. Mirna	Adwaitha 	Domain charges are to be renewed annually, approximately AED 150 - 200 per year.
48	CRD2610	2026-06-12	4000.00	200.00	4200.00	40	\N	draft	IT manager	Adwaitha	Domain charges are to be renewed annually, approximately AED 150 - 200 per year.
47	CRD2609	2026-06-10	1400.00	70.00	1470.00	38	\N	draft	Manager	Adwaitha 	Domain charges are to be renewed annually, approximately AED 150 - 200 per year. \r\n
53	CRD2615	2026-06-17	130.00	6.50	136.50	31	\N	draft	Mr. Zoran	Adwaitha 	
49	CRD2611	2026-06-12	3000.00	150.00	3150.00	40	\N	draft	IT manager	Adwaitha	Domain charges are to be renewed annually, approximately AED 150 - 200 per year. \r\n
59	CRD2621	2026-06-23	175.00	8.75	183.75	43	\N	draft	Manager	Adwaitha	
46	CRD2608	2026-06-10	985.00	49.25	1034.25	37	\N	draft	Manager	Adwaitha 	
50	CRD2612	2026-06-12	1110.00	55.50	1165.50	25	\N	draft	Mr. Sobhi Alswerki	Adwaitha 	
55	CRD2617	2026-06-19	850.00	42.50	892.50	42	\N	draft	Mr. Mohamed Tharik	Adwaitha	
52	CRD2614	2026-06-17	270.00	13.50	283.50	9	\N	draft	Mr. Zoran	Adwaitha 	
54	CRD2616	2026-06-19	200.00	10.00	210.00	9	\N	draft	Mr. Zoran	Adwaitha	
57	CRD2619	2026-06-19	4000.00	200.00	4200.00	42	\N	draft	Mr. Mohamed Tharik	Adwaitha	
56	CRD2618	2026-06-19	2900.00	145.00	3045.00	42	\N	draft	Mr. Mohamed Tharik	Adwaitha	
58	CRD2620	2026-06-22	2000.00	100.00	2100.00	42	\N	draft	Mr. Mohamed Tharik	Adwaitha	
\.


--
-- Data for Name: sales_quotationitem; Type: TABLE DATA; Schema: public; Owner: neondb_owner
--

COPY public.sales_quotationitem (id, quantity, price, total, quotation_id, service_id, description) FROM stdin;
10	1	260.00	260.00	2	\N	Supply printing , Delivery and installation of                                                                         \r\nFrosted stickers \r\n\r\nSize 28 cm x 31 cm
11	14	19.00	266.00	2	\N	Menu card = 14 x 19 AED \r\n\r\n
12	10	10.00	100.00	2	\N	Alpine stickers -10nos x 10 AED \r\n\r\n
13	1	85.00	85.00	2	\N	Ice cream sticker -1nos X 85 AED\r\n\r\n
14	8	1250.00	10000.00	3	\N	Supply and installation of Way finding signage\r\n made with 15 mm Paint finished wooden base\r\n and Laser engraved graphics letters on Acrylic\r\n holder as per the approved design and sample
15	4	40.00	160.00	4	\N	Designing of Digital Profile for Educare international and 3 universities .\r\nEach profile 4 pages.
16	1	150.00	150.00	4	\N	Design, programming of Digital Business card
17	1	1300.00	1300.00	5	\N	Design, developing website for Asthetic centre.
18	1	600.00	600.00	6	\N	Service charges of Digital marketing services for Astetic Center \r\n1.Managing Social Media - Instagram and Facebook including poster creation 
19	1	600.00	600.00	6	\N	Search Engines Optimization for website ( SEO )
111	1	600.00	600.00	40	\N	Monthly Marketing Charges for SEO Service of ABC Nursery Web site. 
112	1	1300.00	1300.00	38	\N	Design and development of a website for Sunshine Nursery, including domain purchase as mentioned below.\r\n\r\n
115	2	4000.00	8000.00	39	\N	⁠Supply and installation of Signage  made by Aluminium channel letters with Aluminium compund Sheet background including new structure \r\nSignage 1 - 500 cm  x 113 cm \r\nSignage 2 - 500 cm x 113 cm.\r\n\r\n\r\n\r\n
28	1	1500.00	1500.00	11	\N	Design, developing website for Niha interiors
117	1	2150.00	2150.00	41	\N	Supply and installation of hoarding with digital printed vinyl sticker
118	1	3500.00	3500.00	34	\N	Supply and installation of 3D signage for Uni globe made Aluminium channel letters with day and night acrylic front light \r\nSize : 480 cm x 100 cm \r\n
119	4	15.00	60.00	42	\N	Supply of Staff ID card including printing without Lane yard. \r\n
121	1	1400.00	1400.00	43	\N	Design and development of a website for Star Sports, including domain purchase as mentioned below.\r\n
35	1	600.00	600.00	13	\N	Social media poster for Instagram and Facebook.
36	1	600.00	600.00	13	\N	SEO Services
38	1	2191.00	2191.00	14	\N	Supply and installation of Acrylic Signage for SELA cafe \r\nSize : 120 cm length\r\n
39	5	30.00	150.00	15	\N	Design of social media poster as per the suitable sizes for Facebook and Instagram page
40	10	30.00	300.00	16	\N	Supply printing and delivery of NCR books
41	1	1142.86	1142.86	17	\N	Installation of existing Signage, each letters.
124	1	1000.00	1000.00	44	\N	Design and development of a website for Emirates Sports Centre, including domain purchase as mentioned below.\r\n\r\n
125	15	60.00	900.00	45	\N	Supply of Acrylic Name board for way finding signage.
45	1	100.00	100.00	20	\N	Supply of Normal  business card = 1000 nos.
46	1	500.00	500.00	19	\N	Supply and delivery of stencil cut signage made on 2 mm acrylic.  with  laser cut finish.\r\nSize =     130 x 80 cm\r\n\r\n\r\n
48	1	300.00	300.00	21	\N	Design of Social media posters (12 posters )\r\n
53	1000	0.20	200.00	22	\N	Supply and delivery of sticker.\r\n
133	1	1400.00	1400.00	47	\N	Design and development of a website\r\nfor 32 smiles Dental Clinic, including domain\r\npurchase as mentioned below.\r\n
58	1	325.00	325.00	23	\N	Supply of KT Stand with foam board poster A1 Size, \r\nWeight: 2Kg \r\nbox dimention : 112x26cm\r\n
61	1	100.00	100.00	25	\N	Supply of Paper buisness card\r\n \r\nQty : 1000 nos\r\n
138	1	4000.00	4000.00	48	\N	Design and development of a professional website for Pioneer Engineering Consultancy LLC, including domain purchase and AI support, as detailed
139	1	3000.00	3000.00	49	\N	Design and development of a professional website for Pioneer Engineering Consultancy LLC, including domain purchase, as detailed below.
65	2	350.00	700.00	18	\N	Supply and delivery of Caution Signage for kids play ground made with aluminium background and finished with reflective sticker.\r\n\r\n\r\n\r\n\r\n
142	1	150.00	150.00	51	\N	Supply printing and delivery of A5 flayer \r\nQty = 500 nos.
70	2	325.00	650.00	28	\N	 Supply of KT Stand with foam board\r\nposter A1 Size, Weight: 2Kg box\r\ndimention : 112x26cm\r\n
78	2	200.00	400.00	29	\N	Design, supply, printing and delivery of Roll up banner \r\nSize : 200 cm x 85 cm 
79	1	104.76	104.76	30	\N	Supply printing and delivery of standard business card as per the design \r\nQty = 1000 nos 
85	17	230.00	3910.00	27	\N	Supply of New signage Frames - 2.8mm Aluminum Plate with 4mm base plate with powder coating and double side sticker, Size: 40 × 30cm.\r\n\r\n
86	74	22.50	1665.00	27	\N	Supply & installation stickers on existing signages, Size: 40\r\n× 30cm.\r\n\r\n
97	1	1200.00	1200.00	26	\N	Design and development of a website for ABC Nursery, including domain purchase as mentioned below.\r\n
98	10	35.00	350.00	35	\N	Printing of Cloths \r\nT shirt= 6 nos \r\nTrousers= 4 nos 
106	1	280.00	280.00	36	\N	Google Workspace subscription is billed directly by Google.\r\n\r\nOne-time setup: Email, domain & DNS configuration, integrations, and testing.\r\nCharge.
107	1	1300.00	1300.00	37	\N	Design and development of a website for Little Garden Nursery, including domain purchase as mentioned below.
145	1	130.00	130.00	53	\N	Printing of Logo & Description on existing watch.
146	4	135.00	540.00	50	\N	Supply and installation of Horizontal Screen Panel\r\nSize: W 138 cm × H 72 cm\r\nMaterial: PVC Sticker with UV Lamination\r\n
147	6	95.00	570.00	50	\N	Supply and installation of Vertical Screen Panel\r\nSize: W 78.3 cm × H 75.9 cm\r\nMaterial: Laminated Gray Back Sticker\r\nQuantity: 6 units (back-to-back)\r\n
148	4	67.50	270.00	52	\N	Supply , Printing and Delivery of T shirt \r\n
149	1	200.00	200.00	54	\N	⁠Supply Printing and installation of Poster.
152	1	850.00	850.00	55	\N	Supply and Installation of Sticker for existing signage Qty = 16nos\r\n
153	1	2900.00	2900.00	56	\N	Supply and installation & Removal of Cooling sticker for Manager Cabin.\r\n\r\n
155	1	750.00	750.00	46	\N	Design , printing and delivery of Company Brochure on 350 gsm Art paper with Mat lamination finish \r\n4 pages \r\nQty : 500 nos\r\n\r\n\r\n
156	1	235.00	235.00	46	\N	Design , printing and delivery of standard buisness card.\r\nQty = 1500 nos.
157	1	4000.00	4000.00	57	\N	Supply and installation & Removal of Cooling sticker for Manager Home.
158	1	2000.00	2000.00	58	\N	Supply and installation & Removal of Cooling sticker for Security point.
159	1	175.00	175.00	59	\N	Design printing and delivery of Buisness card made on 400 gsm thick paper with UV Spot.\r\nQty : 1000
\.


--
-- Data for Name: sales_service; Type: TABLE DATA; Schema: public; Owner: neondb_owner
--

COPY public.sales_service (id, name, description, price) FROM stdin;
\.


--
-- Data for Name: sales_supplier; Type: TABLE DATA; Schema: public; Owner: neondb_owner
--

COPY public.sales_supplier (id, name, phone, email, address, trn_number, website) FROM stdin;
2	BRIGHT LINE				100617823800003	
3	Al Moheirbi Advertising				100374413700003	
4	Maestro advertising				105049935700003	
5	Zoho Software Trading					
6	Jade Sign 				100451443400003	
7	Diamond					
8	Bavas Advertsing LLC OPC					
9	AEserver FZE					
10	AL ABBADI TRADING-L.L.C-S.P.C					
11	Espremier Sports Wear L.L.C				100617750300003	
\.


--
-- Data for Name: tasks_task; Type: TABLE DATA; Schema: public; Owner: neondb_owner
--

COPY public.tasks_task (id, title, description, deadline, status, assigned_to_id, created_at, priority, updated_at, end_date, is_active, task_type, paid_amount, payment_amount, payment_status) FROM stdin;
6	Google Marketing	Provid strategic guidance for Google marketing.	\N	pending	12	2026-06-23 14:36:13.341956+00	medium	2026-06-23 14:36:13.34198+00	\N	t	ongoing	1000.00	2500.00	partial
5	Poster Design for Google Marketing	Creat posters for Google marketing.	\N	pending	6	2026-06-23 14:34:04.823093+00	medium	2026-06-23 14:39:29.659796+00	\N	t	ongoing	0.00	\N	pending
7	Quotation	Design Print and installation of company brochures	2026-06-24	pending	3	2026-06-23 14:54:17.91268+00	medium	2026-06-23 14:54:17.912697+00	\N	t	one_time	0.00	200.00	pending
8	Website Update – Pending	Client meeting pending to discuss website requirement and scope.	\N	pending	13	2026-06-23 15:32:33.552702+00	medium	2026-06-23 15:32:33.552717+00	\N	t	ongoing	0.00	\N	pending
\.


--
-- Data for Name: tasks_userprofile; Type: TABLE DATA; Schema: public; Owner: neondb_owner
--

COPY public.tasks_userprofile (id, role, phone, gender, profile_image, user_id, created_at, is_approved) FROM stdin;
1	manager	\N	\N		1	2026-06-08 08:47:54.614734+00	f
4	employee	9778256077	female		5	2026-06-23 09:58:41.389577+00	t
5	employee	6282667843	female		6	2026-06-23 10:04:02.286981+00	t
3	manager	7356207450	female		3	2026-06-15 07:03:37.781078+00	t
7	freelancer	8075159094	female		9	2026-06-23 12:16:44.887193+00	t
8	freelancer	9746253189	female		12	2026-06-23 12:50:27.480112+00	t
9	manager	58 862 7172	male		13	2026-06-23 12:53:48.080285+00	t
\.


--
-- Name: auth_group_id_seq; Type: SEQUENCE SET; Schema: public; Owner: neondb_owner
--

SELECT pg_catalog.setval('public.auth_group_id_seq', 1, false);


--
-- Name: auth_group_permissions_id_seq; Type: SEQUENCE SET; Schema: public; Owner: neondb_owner
--

SELECT pg_catalog.setval('public.auth_group_permissions_id_seq', 1, false);


--
-- Name: auth_permission_id_seq; Type: SEQUENCE SET; Schema: public; Owner: neondb_owner
--

SELECT pg_catalog.setval('public.auth_permission_id_seq', 72, true);


--
-- Name: auth_user_groups_id_seq; Type: SEQUENCE SET; Schema: public; Owner: neondb_owner
--

SELECT pg_catalog.setval('public.auth_user_groups_id_seq', 1, false);


--
-- Name: auth_user_id_seq; Type: SEQUENCE SET; Schema: public; Owner: neondb_owner
--

SELECT pg_catalog.setval('public.auth_user_id_seq', 13, true);


--
-- Name: auth_user_user_permissions_id_seq; Type: SEQUENCE SET; Schema: public; Owner: neondb_owner
--

SELECT pg_catalog.setval('public.auth_user_user_permissions_id_seq', 1, false);


--
-- Name: django_admin_log_id_seq; Type: SEQUENCE SET; Schema: public; Owner: neondb_owner
--

SELECT pg_catalog.setval('public.django_admin_log_id_seq', 18, true);


--
-- Name: django_content_type_id_seq; Type: SEQUENCE SET; Schema: public; Owner: neondb_owner
--

SELECT pg_catalog.setval('public.django_content_type_id_seq', 18, true);


--
-- Name: django_migrations_id_seq; Type: SEQUENCE SET; Schema: public; Owner: neondb_owner
--

SELECT pg_catalog.setval('public.django_migrations_id_seq', 45, true);


--
-- Name: sales_customer_id_seq; Type: SEQUENCE SET; Schema: public; Owner: neondb_owner
--

SELECT pg_catalog.setval('public.sales_customer_id_seq', 43, true);


--
-- Name: sales_invoice_id_seq; Type: SEQUENCE SET; Schema: public; Owner: neondb_owner
--

SELECT pg_catalog.setval('public.sales_invoice_id_seq', 35, true);


--
-- Name: sales_invoiceitem_id_seq; Type: SEQUENCE SET; Schema: public; Owner: neondb_owner
--

SELECT pg_catalog.setval('public.sales_invoiceitem_id_seq', 93, true);


--
-- Name: sales_lpo_id_seq; Type: SEQUENCE SET; Schema: public; Owner: neondb_owner
--

SELECT pg_catalog.setval('public.sales_lpo_id_seq', 20, true);


--
-- Name: sales_lpoitem_id_seq; Type: SEQUENCE SET; Schema: public; Owner: neondb_owner
--

SELECT pg_catalog.setval('public.sales_lpoitem_id_seq', 28, true);


--
-- Name: sales_paymentreceipt_id_seq; Type: SEQUENCE SET; Schema: public; Owner: neondb_owner
--

SELECT pg_catalog.setval('public.sales_paymentreceipt_id_seq', 40, true);


--
-- Name: sales_quotation_id_seq; Type: SEQUENCE SET; Schema: public; Owner: neondb_owner
--

SELECT pg_catalog.setval('public.sales_quotation_id_seq', 59, true);


--
-- Name: sales_quotationitem_id_seq; Type: SEQUENCE SET; Schema: public; Owner: neondb_owner
--

SELECT pg_catalog.setval('public.sales_quotationitem_id_seq', 159, true);


--
-- Name: sales_service_id_seq; Type: SEQUENCE SET; Schema: public; Owner: neondb_owner
--

SELECT pg_catalog.setval('public.sales_service_id_seq', 1, false);


--
-- Name: sales_supplier_id_seq; Type: SEQUENCE SET; Schema: public; Owner: neondb_owner
--

SELECT pg_catalog.setval('public.sales_supplier_id_seq', 11, true);


--
-- Name: tasks_task_id_seq; Type: SEQUENCE SET; Schema: public; Owner: neondb_owner
--

SELECT pg_catalog.setval('public.tasks_task_id_seq', 8, true);


--
-- Name: tasks_userprofile_id_seq; Type: SEQUENCE SET; Schema: public; Owner: neondb_owner
--

SELECT pg_catalog.setval('public.tasks_userprofile_id_seq', 9, true);


--
-- Name: auth_group auth_group_name_key; Type: CONSTRAINT; Schema: public; Owner: neondb_owner
--

ALTER TABLE ONLY public.auth_group
    ADD CONSTRAINT auth_group_name_key UNIQUE (name);


--
-- Name: auth_group_permissions auth_group_permissions_group_id_permission_id_0cd325b0_uniq; Type: CONSTRAINT; Schema: public; Owner: neondb_owner
--

ALTER TABLE ONLY public.auth_group_permissions
    ADD CONSTRAINT auth_group_permissions_group_id_permission_id_0cd325b0_uniq UNIQUE (group_id, permission_id);


--
-- Name: auth_group_permissions auth_group_permissions_pkey; Type: CONSTRAINT; Schema: public; Owner: neondb_owner
--

ALTER TABLE ONLY public.auth_group_permissions
    ADD CONSTRAINT auth_group_permissions_pkey PRIMARY KEY (id);


--
-- Name: auth_group auth_group_pkey; Type: CONSTRAINT; Schema: public; Owner: neondb_owner
--

ALTER TABLE ONLY public.auth_group
    ADD CONSTRAINT auth_group_pkey PRIMARY KEY (id);


--
-- Name: auth_permission auth_permission_content_type_id_codename_01ab375a_uniq; Type: CONSTRAINT; Schema: public; Owner: neondb_owner
--

ALTER TABLE ONLY public.auth_permission
    ADD CONSTRAINT auth_permission_content_type_id_codename_01ab375a_uniq UNIQUE (content_type_id, codename);


--
-- Name: auth_permission auth_permission_pkey; Type: CONSTRAINT; Schema: public; Owner: neondb_owner
--

ALTER TABLE ONLY public.auth_permission
    ADD CONSTRAINT auth_permission_pkey PRIMARY KEY (id);


--
-- Name: auth_user_groups auth_user_groups_pkey; Type: CONSTRAINT; Schema: public; Owner: neondb_owner
--

ALTER TABLE ONLY public.auth_user_groups
    ADD CONSTRAINT auth_user_groups_pkey PRIMARY KEY (id);


--
-- Name: auth_user_groups auth_user_groups_user_id_group_id_94350c0c_uniq; Type: CONSTRAINT; Schema: public; Owner: neondb_owner
--

ALTER TABLE ONLY public.auth_user_groups
    ADD CONSTRAINT auth_user_groups_user_id_group_id_94350c0c_uniq UNIQUE (user_id, group_id);


--
-- Name: auth_user auth_user_pkey; Type: CONSTRAINT; Schema: public; Owner: neondb_owner
--

ALTER TABLE ONLY public.auth_user
    ADD CONSTRAINT auth_user_pkey PRIMARY KEY (id);


--
-- Name: auth_user_user_permissions auth_user_user_permissions_pkey; Type: CONSTRAINT; Schema: public; Owner: neondb_owner
--

ALTER TABLE ONLY public.auth_user_user_permissions
    ADD CONSTRAINT auth_user_user_permissions_pkey PRIMARY KEY (id);


--
-- Name: auth_user_user_permissions auth_user_user_permissions_user_id_permission_id_14a6b632_uniq; Type: CONSTRAINT; Schema: public; Owner: neondb_owner
--

ALTER TABLE ONLY public.auth_user_user_permissions
    ADD CONSTRAINT auth_user_user_permissions_user_id_permission_id_14a6b632_uniq UNIQUE (user_id, permission_id);


--
-- Name: auth_user auth_user_username_key; Type: CONSTRAINT; Schema: public; Owner: neondb_owner
--

ALTER TABLE ONLY public.auth_user
    ADD CONSTRAINT auth_user_username_key UNIQUE (username);


--
-- Name: django_admin_log django_admin_log_pkey; Type: CONSTRAINT; Schema: public; Owner: neondb_owner
--

ALTER TABLE ONLY public.django_admin_log
    ADD CONSTRAINT django_admin_log_pkey PRIMARY KEY (id);


--
-- Name: django_content_type django_content_type_app_label_model_76bd3d3b_uniq; Type: CONSTRAINT; Schema: public; Owner: neondb_owner
--

ALTER TABLE ONLY public.django_content_type
    ADD CONSTRAINT django_content_type_app_label_model_76bd3d3b_uniq UNIQUE (app_label, model);


--
-- Name: django_content_type django_content_type_pkey; Type: CONSTRAINT; Schema: public; Owner: neondb_owner
--

ALTER TABLE ONLY public.django_content_type
    ADD CONSTRAINT django_content_type_pkey PRIMARY KEY (id);


--
-- Name: django_migrations django_migrations_pkey; Type: CONSTRAINT; Schema: public; Owner: neondb_owner
--

ALTER TABLE ONLY public.django_migrations
    ADD CONSTRAINT django_migrations_pkey PRIMARY KEY (id);


--
-- Name: django_session django_session_pkey; Type: CONSTRAINT; Schema: public; Owner: neondb_owner
--

ALTER TABLE ONLY public.django_session
    ADD CONSTRAINT django_session_pkey PRIMARY KEY (session_key);


--
-- Name: sales_customer sales_customer_pkey; Type: CONSTRAINT; Schema: public; Owner: neondb_owner
--

ALTER TABLE ONLY public.sales_customer
    ADD CONSTRAINT sales_customer_pkey PRIMARY KEY (id);


--
-- Name: sales_invoice sales_invoice_number_key; Type: CONSTRAINT; Schema: public; Owner: neondb_owner
--

ALTER TABLE ONLY public.sales_invoice
    ADD CONSTRAINT sales_invoice_number_key UNIQUE (number);


--
-- Name: sales_invoice sales_invoice_pkey; Type: CONSTRAINT; Schema: public; Owner: neondb_owner
--

ALTER TABLE ONLY public.sales_invoice
    ADD CONSTRAINT sales_invoice_pkey PRIMARY KEY (id);


--
-- Name: sales_invoiceitem sales_invoiceitem_pkey; Type: CONSTRAINT; Schema: public; Owner: neondb_owner
--

ALTER TABLE ONLY public.sales_invoiceitem
    ADD CONSTRAINT sales_invoiceitem_pkey PRIMARY KEY (id);


--
-- Name: sales_lpo sales_lpo_number_key; Type: CONSTRAINT; Schema: public; Owner: neondb_owner
--

ALTER TABLE ONLY public.sales_lpo
    ADD CONSTRAINT sales_lpo_number_key UNIQUE (number);


--
-- Name: sales_lpo sales_lpo_pkey; Type: CONSTRAINT; Schema: public; Owner: neondb_owner
--

ALTER TABLE ONLY public.sales_lpo
    ADD CONSTRAINT sales_lpo_pkey PRIMARY KEY (id);


--
-- Name: sales_lpoitem sales_lpoitem_pkey; Type: CONSTRAINT; Schema: public; Owner: neondb_owner
--

ALTER TABLE ONLY public.sales_lpoitem
    ADD CONSTRAINT sales_lpoitem_pkey PRIMARY KEY (id);


--
-- Name: sales_paymentreceipt sales_paymentreceipt_pkey; Type: CONSTRAINT; Schema: public; Owner: neondb_owner
--

ALTER TABLE ONLY public.sales_paymentreceipt
    ADD CONSTRAINT sales_paymentreceipt_pkey PRIMARY KEY (id);


--
-- Name: sales_paymentreceipt sales_paymentreceipt_receipt_number_key; Type: CONSTRAINT; Schema: public; Owner: neondb_owner
--

ALTER TABLE ONLY public.sales_paymentreceipt
    ADD CONSTRAINT sales_paymentreceipt_receipt_number_key UNIQUE (receipt_number);


--
-- Name: sales_quotation sales_quotation_number_key; Type: CONSTRAINT; Schema: public; Owner: neondb_owner
--

ALTER TABLE ONLY public.sales_quotation
    ADD CONSTRAINT sales_quotation_number_key UNIQUE (number);


--
-- Name: sales_quotation sales_quotation_pkey; Type: CONSTRAINT; Schema: public; Owner: neondb_owner
--

ALTER TABLE ONLY public.sales_quotation
    ADD CONSTRAINT sales_quotation_pkey PRIMARY KEY (id);


--
-- Name: sales_quotationitem sales_quotationitem_pkey; Type: CONSTRAINT; Schema: public; Owner: neondb_owner
--

ALTER TABLE ONLY public.sales_quotationitem
    ADD CONSTRAINT sales_quotationitem_pkey PRIMARY KEY (id);


--
-- Name: sales_service sales_service_pkey; Type: CONSTRAINT; Schema: public; Owner: neondb_owner
--

ALTER TABLE ONLY public.sales_service
    ADD CONSTRAINT sales_service_pkey PRIMARY KEY (id);


--
-- Name: sales_supplier sales_supplier_pkey; Type: CONSTRAINT; Schema: public; Owner: neondb_owner
--

ALTER TABLE ONLY public.sales_supplier
    ADD CONSTRAINT sales_supplier_pkey PRIMARY KEY (id);


--
-- Name: tasks_task tasks_task_pkey; Type: CONSTRAINT; Schema: public; Owner: neondb_owner
--

ALTER TABLE ONLY public.tasks_task
    ADD CONSTRAINT tasks_task_pkey PRIMARY KEY (id);


--
-- Name: tasks_userprofile tasks_userprofile_pkey; Type: CONSTRAINT; Schema: public; Owner: neondb_owner
--

ALTER TABLE ONLY public.tasks_userprofile
    ADD CONSTRAINT tasks_userprofile_pkey PRIMARY KEY (id);


--
-- Name: tasks_userprofile tasks_userprofile_user_id_key; Type: CONSTRAINT; Schema: public; Owner: neondb_owner
--

ALTER TABLE ONLY public.tasks_userprofile
    ADD CONSTRAINT tasks_userprofile_user_id_key UNIQUE (user_id);


--
-- Name: auth_group_name_a6ea08ec_like; Type: INDEX; Schema: public; Owner: neondb_owner
--

CREATE INDEX auth_group_name_a6ea08ec_like ON public.auth_group USING btree (name varchar_pattern_ops);


--
-- Name: auth_group_permissions_group_id_b120cbf9; Type: INDEX; Schema: public; Owner: neondb_owner
--

CREATE INDEX auth_group_permissions_group_id_b120cbf9 ON public.auth_group_permissions USING btree (group_id);


--
-- Name: auth_group_permissions_permission_id_84c5c92e; Type: INDEX; Schema: public; Owner: neondb_owner
--

CREATE INDEX auth_group_permissions_permission_id_84c5c92e ON public.auth_group_permissions USING btree (permission_id);


--
-- Name: auth_permission_content_type_id_2f476e4b; Type: INDEX; Schema: public; Owner: neondb_owner
--

CREATE INDEX auth_permission_content_type_id_2f476e4b ON public.auth_permission USING btree (content_type_id);


--
-- Name: auth_user_groups_group_id_97559544; Type: INDEX; Schema: public; Owner: neondb_owner
--

CREATE INDEX auth_user_groups_group_id_97559544 ON public.auth_user_groups USING btree (group_id);


--
-- Name: auth_user_groups_user_id_6a12ed8b; Type: INDEX; Schema: public; Owner: neondb_owner
--

CREATE INDEX auth_user_groups_user_id_6a12ed8b ON public.auth_user_groups USING btree (user_id);


--
-- Name: auth_user_user_permissions_permission_id_1fbb5f2c; Type: INDEX; Schema: public; Owner: neondb_owner
--

CREATE INDEX auth_user_user_permissions_permission_id_1fbb5f2c ON public.auth_user_user_permissions USING btree (permission_id);


--
-- Name: auth_user_user_permissions_user_id_a95ead1b; Type: INDEX; Schema: public; Owner: neondb_owner
--

CREATE INDEX auth_user_user_permissions_user_id_a95ead1b ON public.auth_user_user_permissions USING btree (user_id);


--
-- Name: auth_user_username_6821ab7c_like; Type: INDEX; Schema: public; Owner: neondb_owner
--

CREATE INDEX auth_user_username_6821ab7c_like ON public.auth_user USING btree (username varchar_pattern_ops);


--
-- Name: django_admin_log_content_type_id_c4bce8eb; Type: INDEX; Schema: public; Owner: neondb_owner
--

CREATE INDEX django_admin_log_content_type_id_c4bce8eb ON public.django_admin_log USING btree (content_type_id);


--
-- Name: django_admin_log_user_id_c564eba6; Type: INDEX; Schema: public; Owner: neondb_owner
--

CREATE INDEX django_admin_log_user_id_c564eba6 ON public.django_admin_log USING btree (user_id);


--
-- Name: django_session_expire_date_a5c62663; Type: INDEX; Schema: public; Owner: neondb_owner
--

CREATE INDEX django_session_expire_date_a5c62663 ON public.django_session USING btree (expire_date);


--
-- Name: django_session_session_key_c0390e0f_like; Type: INDEX; Schema: public; Owner: neondb_owner
--

CREATE INDEX django_session_session_key_c0390e0f_like ON public.django_session USING btree (session_key varchar_pattern_ops);


--
-- Name: sales_invoice_customer_id_339082a2; Type: INDEX; Schema: public; Owner: neondb_owner
--

CREATE INDEX sales_invoice_customer_id_339082a2 ON public.sales_invoice USING btree (customer_id);


--
-- Name: sales_invoice_number_be53c67c_like; Type: INDEX; Schema: public; Owner: neondb_owner
--

CREATE INDEX sales_invoice_number_be53c67c_like ON public.sales_invoice USING btree (number varchar_pattern_ops);


--
-- Name: sales_invoice_quotation_id_ea80e575; Type: INDEX; Schema: public; Owner: neondb_owner
--

CREATE INDEX sales_invoice_quotation_id_ea80e575 ON public.sales_invoice USING btree (quotation_id);


--
-- Name: sales_invoiceitem_invoice_id_867c77e0; Type: INDEX; Schema: public; Owner: neondb_owner
--

CREATE INDEX sales_invoiceitem_invoice_id_867c77e0 ON public.sales_invoiceitem USING btree (invoice_id);


--
-- Name: sales_invoiceitem_service_id_f50ea0c0; Type: INDEX; Schema: public; Owner: neondb_owner
--

CREATE INDEX sales_invoiceitem_service_id_f50ea0c0 ON public.sales_invoiceitem USING btree (service_id);


--
-- Name: sales_lpo_number_cf0c14e6_like; Type: INDEX; Schema: public; Owner: neondb_owner
--

CREATE INDEX sales_lpo_number_cf0c14e6_like ON public.sales_lpo USING btree (number varchar_pattern_ops);


--
-- Name: sales_lpo_supplier_id_3ad0fcd2; Type: INDEX; Schema: public; Owner: neondb_owner
--

CREATE INDEX sales_lpo_supplier_id_3ad0fcd2 ON public.sales_lpo USING btree (supplier_id);


--
-- Name: sales_lpoitem_lpo_id_7f9ba999; Type: INDEX; Schema: public; Owner: neondb_owner
--

CREATE INDEX sales_lpoitem_lpo_id_7f9ba999 ON public.sales_lpoitem USING btree (lpo_id);


--
-- Name: sales_paymentreceipt_invoice_id_eb5257ff; Type: INDEX; Schema: public; Owner: neondb_owner
--

CREATE INDEX sales_paymentreceipt_invoice_id_eb5257ff ON public.sales_paymentreceipt USING btree (invoice_id);


--
-- Name: sales_paymentreceipt_receipt_number_56b948ad_like; Type: INDEX; Schema: public; Owner: neondb_owner
--

CREATE INDEX sales_paymentreceipt_receipt_number_56b948ad_like ON public.sales_paymentreceipt USING btree (receipt_number varchar_pattern_ops);


--
-- Name: sales_quotation_customer_id_c1726d2a; Type: INDEX; Schema: public; Owner: neondb_owner
--

CREATE INDEX sales_quotation_customer_id_c1726d2a ON public.sales_quotation USING btree (customer_id);


--
-- Name: sales_quotation_number_e37744d1_like; Type: INDEX; Schema: public; Owner: neondb_owner
--

CREATE INDEX sales_quotation_number_e37744d1_like ON public.sales_quotation USING btree (number varchar_pattern_ops);


--
-- Name: sales_quotationitem_quotation_id_5c195674; Type: INDEX; Schema: public; Owner: neondb_owner
--

CREATE INDEX sales_quotationitem_quotation_id_5c195674 ON public.sales_quotationitem USING btree (quotation_id);


--
-- Name: sales_quotationitem_service_id_58c8bd19; Type: INDEX; Schema: public; Owner: neondb_owner
--

CREATE INDEX sales_quotationitem_service_id_58c8bd19 ON public.sales_quotationitem USING btree (service_id);


--
-- Name: tasks_task_assigned_to_id_e8821f61; Type: INDEX; Schema: public; Owner: neondb_owner
--

CREATE INDEX tasks_task_assigned_to_id_e8821f61 ON public.tasks_task USING btree (assigned_to_id);


--
-- Name: auth_group_permissions auth_group_permissio_permission_id_84c5c92e_fk_auth_perm; Type: FK CONSTRAINT; Schema: public; Owner: neondb_owner
--

ALTER TABLE ONLY public.auth_group_permissions
    ADD CONSTRAINT auth_group_permissio_permission_id_84c5c92e_fk_auth_perm FOREIGN KEY (permission_id) REFERENCES public.auth_permission(id) DEFERRABLE INITIALLY DEFERRED;


--
-- Name: auth_group_permissions auth_group_permissions_group_id_b120cbf9_fk_auth_group_id; Type: FK CONSTRAINT; Schema: public; Owner: neondb_owner
--

ALTER TABLE ONLY public.auth_group_permissions
    ADD CONSTRAINT auth_group_permissions_group_id_b120cbf9_fk_auth_group_id FOREIGN KEY (group_id) REFERENCES public.auth_group(id) DEFERRABLE INITIALLY DEFERRED;


--
-- Name: auth_permission auth_permission_content_type_id_2f476e4b_fk_django_co; Type: FK CONSTRAINT; Schema: public; Owner: neondb_owner
--

ALTER TABLE ONLY public.auth_permission
    ADD CONSTRAINT auth_permission_content_type_id_2f476e4b_fk_django_co FOREIGN KEY (content_type_id) REFERENCES public.django_content_type(id) DEFERRABLE INITIALLY DEFERRED;


--
-- Name: auth_user_groups auth_user_groups_group_id_97559544_fk_auth_group_id; Type: FK CONSTRAINT; Schema: public; Owner: neondb_owner
--

ALTER TABLE ONLY public.auth_user_groups
    ADD CONSTRAINT auth_user_groups_group_id_97559544_fk_auth_group_id FOREIGN KEY (group_id) REFERENCES public.auth_group(id) DEFERRABLE INITIALLY DEFERRED;


--
-- Name: auth_user_groups auth_user_groups_user_id_6a12ed8b_fk_auth_user_id; Type: FK CONSTRAINT; Schema: public; Owner: neondb_owner
--

ALTER TABLE ONLY public.auth_user_groups
    ADD CONSTRAINT auth_user_groups_user_id_6a12ed8b_fk_auth_user_id FOREIGN KEY (user_id) REFERENCES public.auth_user(id) DEFERRABLE INITIALLY DEFERRED;


--
-- Name: auth_user_user_permissions auth_user_user_permi_permission_id_1fbb5f2c_fk_auth_perm; Type: FK CONSTRAINT; Schema: public; Owner: neondb_owner
--

ALTER TABLE ONLY public.auth_user_user_permissions
    ADD CONSTRAINT auth_user_user_permi_permission_id_1fbb5f2c_fk_auth_perm FOREIGN KEY (permission_id) REFERENCES public.auth_permission(id) DEFERRABLE INITIALLY DEFERRED;


--
-- Name: auth_user_user_permissions auth_user_user_permissions_user_id_a95ead1b_fk_auth_user_id; Type: FK CONSTRAINT; Schema: public; Owner: neondb_owner
--

ALTER TABLE ONLY public.auth_user_user_permissions
    ADD CONSTRAINT auth_user_user_permissions_user_id_a95ead1b_fk_auth_user_id FOREIGN KEY (user_id) REFERENCES public.auth_user(id) DEFERRABLE INITIALLY DEFERRED;


--
-- Name: django_admin_log django_admin_log_content_type_id_c4bce8eb_fk_django_co; Type: FK CONSTRAINT; Schema: public; Owner: neondb_owner
--

ALTER TABLE ONLY public.django_admin_log
    ADD CONSTRAINT django_admin_log_content_type_id_c4bce8eb_fk_django_co FOREIGN KEY (content_type_id) REFERENCES public.django_content_type(id) DEFERRABLE INITIALLY DEFERRED;


--
-- Name: django_admin_log django_admin_log_user_id_c564eba6_fk_auth_user_id; Type: FK CONSTRAINT; Schema: public; Owner: neondb_owner
--

ALTER TABLE ONLY public.django_admin_log
    ADD CONSTRAINT django_admin_log_user_id_c564eba6_fk_auth_user_id FOREIGN KEY (user_id) REFERENCES public.auth_user(id) DEFERRABLE INITIALLY DEFERRED;


--
-- Name: sales_invoice sales_invoice_customer_id_339082a2_fk_sales_customer_id; Type: FK CONSTRAINT; Schema: public; Owner: neondb_owner
--

ALTER TABLE ONLY public.sales_invoice
    ADD CONSTRAINT sales_invoice_customer_id_339082a2_fk_sales_customer_id FOREIGN KEY (customer_id) REFERENCES public.sales_customer(id) DEFERRABLE INITIALLY DEFERRED;


--
-- Name: sales_invoice sales_invoice_quotation_id_ea80e575_fk_sales_quotation_id; Type: FK CONSTRAINT; Schema: public; Owner: neondb_owner
--

ALTER TABLE ONLY public.sales_invoice
    ADD CONSTRAINT sales_invoice_quotation_id_ea80e575_fk_sales_quotation_id FOREIGN KEY (quotation_id) REFERENCES public.sales_quotation(id) DEFERRABLE INITIALLY DEFERRED;


--
-- Name: sales_invoiceitem sales_invoiceitem_invoice_id_867c77e0_fk_sales_invoice_id; Type: FK CONSTRAINT; Schema: public; Owner: neondb_owner
--

ALTER TABLE ONLY public.sales_invoiceitem
    ADD CONSTRAINT sales_invoiceitem_invoice_id_867c77e0_fk_sales_invoice_id FOREIGN KEY (invoice_id) REFERENCES public.sales_invoice(id) DEFERRABLE INITIALLY DEFERRED;


--
-- Name: sales_invoiceitem sales_invoiceitem_service_id_f50ea0c0_fk_sales_service_id; Type: FK CONSTRAINT; Schema: public; Owner: neondb_owner
--

ALTER TABLE ONLY public.sales_invoiceitem
    ADD CONSTRAINT sales_invoiceitem_service_id_f50ea0c0_fk_sales_service_id FOREIGN KEY (service_id) REFERENCES public.sales_service(id) DEFERRABLE INITIALLY DEFERRED;


--
-- Name: sales_lpo sales_lpo_supplier_id_3ad0fcd2_fk_sales_supplier_id; Type: FK CONSTRAINT; Schema: public; Owner: neondb_owner
--

ALTER TABLE ONLY public.sales_lpo
    ADD CONSTRAINT sales_lpo_supplier_id_3ad0fcd2_fk_sales_supplier_id FOREIGN KEY (supplier_id) REFERENCES public.sales_supplier(id) DEFERRABLE INITIALLY DEFERRED;


--
-- Name: sales_lpoitem sales_lpoitem_lpo_id_7f9ba999_fk_sales_lpo_id; Type: FK CONSTRAINT; Schema: public; Owner: neondb_owner
--

ALTER TABLE ONLY public.sales_lpoitem
    ADD CONSTRAINT sales_lpoitem_lpo_id_7f9ba999_fk_sales_lpo_id FOREIGN KEY (lpo_id) REFERENCES public.sales_lpo(id) DEFERRABLE INITIALLY DEFERRED;


--
-- Name: sales_paymentreceipt sales_paymentreceipt_invoice_id_eb5257ff_fk_sales_invoice_id; Type: FK CONSTRAINT; Schema: public; Owner: neondb_owner
--

ALTER TABLE ONLY public.sales_paymentreceipt
    ADD CONSTRAINT sales_paymentreceipt_invoice_id_eb5257ff_fk_sales_invoice_id FOREIGN KEY (invoice_id) REFERENCES public.sales_invoice(id) DEFERRABLE INITIALLY DEFERRED;


--
-- Name: sales_quotation sales_quotation_customer_id_c1726d2a_fk_sales_customer_id; Type: FK CONSTRAINT; Schema: public; Owner: neondb_owner
--

ALTER TABLE ONLY public.sales_quotation
    ADD CONSTRAINT sales_quotation_customer_id_c1726d2a_fk_sales_customer_id FOREIGN KEY (customer_id) REFERENCES public.sales_customer(id) DEFERRABLE INITIALLY DEFERRED;


--
-- Name: sales_quotationitem sales_quotationitem_quotation_id_5c195674_fk_sales_quotation_id; Type: FK CONSTRAINT; Schema: public; Owner: neondb_owner
--

ALTER TABLE ONLY public.sales_quotationitem
    ADD CONSTRAINT sales_quotationitem_quotation_id_5c195674_fk_sales_quotation_id FOREIGN KEY (quotation_id) REFERENCES public.sales_quotation(id) DEFERRABLE INITIALLY DEFERRED;


--
-- Name: sales_quotationitem sales_quotationitem_service_id_58c8bd19_fk_sales_service_id; Type: FK CONSTRAINT; Schema: public; Owner: neondb_owner
--

ALTER TABLE ONLY public.sales_quotationitem
    ADD CONSTRAINT sales_quotationitem_service_id_58c8bd19_fk_sales_service_id FOREIGN KEY (service_id) REFERENCES public.sales_service(id) DEFERRABLE INITIALLY DEFERRED;


--
-- Name: tasks_task tasks_task_assigned_to_id_e8821f61_fk_auth_user_id; Type: FK CONSTRAINT; Schema: public; Owner: neondb_owner
--

ALTER TABLE ONLY public.tasks_task
    ADD CONSTRAINT tasks_task_assigned_to_id_e8821f61_fk_auth_user_id FOREIGN KEY (assigned_to_id) REFERENCES public.auth_user(id) DEFERRABLE INITIALLY DEFERRED;


--
-- Name: tasks_userprofile tasks_userprofile_user_id_8154a798_fk_auth_user_id; Type: FK CONSTRAINT; Schema: public; Owner: neondb_owner
--

ALTER TABLE ONLY public.tasks_userprofile
    ADD CONSTRAINT tasks_userprofile_user_id_8154a798_fk_auth_user_id FOREIGN KEY (user_id) REFERENCES public.auth_user(id) DEFERRABLE INITIALLY DEFERRED;


--
-- Name: DEFAULT PRIVILEGES FOR SEQUENCES; Type: DEFAULT ACL; Schema: public; Owner: cloud_admin
--

ALTER DEFAULT PRIVILEGES FOR ROLE cloud_admin IN SCHEMA public GRANT ALL ON SEQUENCES TO neon_superuser WITH GRANT OPTION;


--
-- Name: DEFAULT PRIVILEGES FOR TABLES; Type: DEFAULT ACL; Schema: public; Owner: cloud_admin
--

ALTER DEFAULT PRIVILEGES FOR ROLE cloud_admin IN SCHEMA public GRANT ALL ON TABLES TO neon_superuser WITH GRANT OPTION;


--
-- PostgreSQL database dump complete
--

\unrestrict Vs7QSRoRFHdJpuvfJ0QhSJJb1oFIOuBBRBrrqpuGflrRL5jumvA8EKKpo78aiEc

